安徽,安庆,安徽王大食品有限公司,
安徽,安庆,安庆昶盛商贸有限公司,
安徽,安庆,安庆市春源商贸有限公司,
安徽,安庆,安庆市光彩大市场福庆副食品商行,
安徽,安庆,安庆树建商贸有限公司,
安徽,安庆,安庆吾尚商贸有限公司,
安徽,安庆,怀宁县高河镇南林商行,
安徽,安庆,怀宁县石牌海兵百货经营部,
安徽,安庆,怀宁县啸文商贸有限公司,
安徽,安庆,潜山县光明商贸,
安徽,安庆,潜山县佳乐商贸有限公司,
安徽,安庆,太湖县新城商贸,
安徽,安庆,太湖县新鑫商贸,
安徽,安庆,太湖县鑫邦商贸有限公司,
安徽,安庆,宿松县鑫鼎商贸有限公司,
安徽,安庆,宿松县鑫鑫商行,
安徽,安庆,岳西县通利商贸有限公司,
安徽,蚌埠,蚌埠经济开发区飞扬商贸经营部,
安徽,蚌埠,蚌埠市龙子湖区张玉食品商行,
安徽,蚌埠,蚌埠市新飞酒业贸易有限公司,
安徽,蚌埠,蚌埠市新一然经贸有限公司,
安徽,蚌埠,凤阳县府城牛牛商贸经营部,
安徽,蚌埠,凤阳县府城杨成商行,
安徽,蚌埠,固镇县城关贝贝食品百货批发部,
安徽,蚌埠,固镇县金义超市,
安徽,蚌埠,怀远县南大街瑞丰食品店,
安徽,蚌埠,孙松田万胜,
安徽,蚌埠,五河县大新大亮超市,
安徽,蚌埠,五河县小牛贝贝母婴用品商行,
安徽,亳州,亳州市顺康商贸有限公司,
安徽,亳州,亳州雨润商贸有限公司,
安徽,亳州,蒙城县佳博食品销售有限公司,
安徽,亳州,蒙城县鹏顺食品销售有限公司,
安徽,亳州,谯城区康佳名烟名酒超市,
安徽,亳州,谯城区张博烟酒商行,
安徽,亳州,涡阳县恒润贸易有限公司,
安徽,亳州,涡阳县润隆食品销售有限公司,
安徽,池州,池州市欣新商贸中心,
安徽,池州,东至县东岳贸易商行,
安徽,池州,东至县洪方商行,
安徽,池州,东至县小姚商行,
安徽,池州,东至县洋湖镇建宏商店,
安徽,池州,东至县尧城超市,
安徽,池州,东至县张溪镇小何商店,
安徽,池州,贵池区龙兴商贸部,
安徽,池州,青阳县汇通商贸经营部,
安徽,池州,青阳县蓉城镇志刚批发部,
安徽,池州,望江环球汽车销售有限公司,
安徽,池州,望江县广源商贸有限责任公司,
安徽,池州,望江县结海糖酒批发部,
安徽,池州,望江县金诺食品经营部,
安徽,池州,望江县万达商贸有限公司,
安徽,滁州,滁州市吉睿旺商贸有限公司,
安徽,滁州,滁州市琅琊区红美食品经营部,
安徽,滁州,滁州市特伊胜商贸有限公司,
安徽,滁州,定远县定城镇薛老七食品商店,
安徽,滁州,定远县福海批发部,
安徽,滁州,来安县诚合商贸有限公司,
安徽,滁州,来安县来源商贸经营部,
安徽,滁州,来安县永利食品经营部,
安徽,滁州,明光市春雨商行,
安徽,滁州,全椒光大商贸经营部,
安徽,滁州,全椒县春晓乳品经营部,
安徽,滁州,全椒县广武乳制品经营部,
安徽,滁州,全椒县明鑫乳制品经营部,
安徽,滁州,全椒振宇乳品经营部,
安徽,滁州,天长市供销乡村华联超市卢金林百货店,
安徽,滁州,天长市鑫福食品商贸有限公司,
安徽,阜阳,安徽和得顺贸易有限公司,
安徽,阜阳,阜南县宜和商贸有限公司,
安徽,阜阳,阜南县勇信商贸有限公司,
安徽,阜阳,阜阳市盛世祥和商贸有限公司,
安徽,阜阳,阜阳市世存商贸有限公司,
安徽,阜阳,界首市冬冬食品经营部,
安徽,阜阳,界首市强盛商贸有限公司,
安徽,阜阳,利辛县金鹤来食品经销部,
安徽,阜阳,临泉县康弘商贸有限公司,
安徽,阜阳,临泉县鹏宇商贸有限公司,
安徽,阜阳,太和县王丽侠和润食品经营部,
安徽,阜阳,颍上县金和食品有限责任公司,
安徽,阜阳,颍上县星辰食品批发部,
安徽,合肥,安徽百大合家福连锁超市股份有限公司,
安徽,合肥,安徽欣海贸易有限公司,
安徽,合肥,巢湖市昂利莱食品商行,
安徽,合肥,巢湖市栏杆集镇胡锋烟酒商店,
安徽,合肥,巢湖市众鑫商贸有限公司,
安徽,合肥,肥西县华南城开源食品商行,
安徽,合肥,肥西县三河镇兴达商店,
安徽,合肥,合肥丰光商贸有限公司,
安徽,合肥,合肥光明乳业销售有限公司,
安徽,合肥,合肥君晟达贸易有限公司,
安徽,合肥,合肥明全商贸有限公司,
安徽,合肥,合肥市峰子商贸有限公司,
安徽,合肥,合肥市华航商贸有限公司,
安徽,合肥,合肥市心平商贸有限公司,
安徽,合肥,合肥信之康商贸有限公司,
安徽,合肥,合肥瑶海区信谊食品配送服务部,
安徽,合肥,淮南市诚升商贸有限公司,
安徽,合肥,庐江嵩超商贸有限公司,
安徽,合肥,庐江县荆鹏商贸经营部,
安徽,合肥,上海光明随心订电子商务有限公司合肥分公司,
安徽,合肥,上海世纪联华超市发展有限公司,
安徽,合肥,长丰县杜集乡如太牛奶经营部,
安徽,淮北,砀山县飞翔副食品销售有限公司,
安徽,淮北,淮北市瑞鹏商贸有限公司,
安徽,淮北,淮北市相山区新润商行,
安徽,淮北,萧县琦轩商行,
安徽,淮北,萧县新联华商贸有限责任公司,
安徽,淮北,萧县张义商贸有限公司,
安徽,淮南,凤台顺泽机电安装有限公司,
安徽,淮南,合肥艺强商贸有限责任公司,
安徽,淮南,淮南市华良商贸中心,
安徽,淮南,淮南市远见商贸有限公司,
安徽,淮南,潘集区袁庄明发超市,
安徽,淮南,寿县金海商贸部,
安徽,淮南,寿县鹏鹏食品商贸有限公司,
安徽,淮南,寿县寿西湖腾飞烟酒批发部,
安徽,淮南,田家庵区一新商贸经营部,
安徽,淮南,谢家集区桢宇商行,
安徽,淮南,长丰县利安商贸有限公司,
安徽,黄山,黄山区安华批发部,
安徽,黄山,黄山区福诚商贸,
安徽,黄山,黄山区晓宏商贸,
安徽,黄山,黄山区迎丰商贸,
安徽,黄山,黄山市晨昊贸易有限公司,
安徽,黄山,黄山市徽州区鸿雁工贸商行,
安徽,黄山,黄山市徽州区千枝商行,
安徽,黄山,黄山市徽州区振徽商行,
安徽,黄山,黄山市远洋食品有限公司,
安徽,黄山,绩溪县三鑫商行,
安徽,黄山,绩溪县小纪商行,新宾满族自治县新宾镇放心奶站
安徽,黄山,泾县启明乳业商行,平阳县山门镇林型浙食品商行
安徽,黄山,泾县泽伟食品配送中心,
安徽,黄山,旌德县蒙牛常温奶直销部,
安徽,黄山,旌德县智联商贸有限责任公司,
安徽,黄山,歙县宸宇商行,
安徽,黄山,休宁县程诚商贸行,
安徽,黄山,休宁县新程批发部,
安徽,黄山,黟县源泉商贸行,
安徽,六安,合肥光明乳业销售有限公司,
安徽,六安,霍邱明玉商贸有限公司,
安徽,六安,霍邱县丰瑞商贸有限公司,
安徽,六安,霍邱县洪集镇长鸿食品经营部,
安徽,六安,霍邱县新店镇中意食品配送中心,
安徽,六安,霍邱县永盛商贸有限责任公司,
安徽,六安,霍山县宏发贸易商行,
安徽,六安,霍山县圣达商贸有限公司,
安徽,六安,金寨县四海商贸部,
安徽,六安,金寨县五湖食品经营部,
安徽,六安,六安市百创商贸有限公司,
安徽,六安,六安市和福商贸有限公司,
安徽,六安,六安市鸿大食品批发部,
安徽,六安,六安市乐乐美商贸有限公司,
安徽,六安,六安市新月商贸有限公司,
安徽,六安,六安市裕安区福鼎食品批发,
安徽,六安,六安市裕安区好朋友商行,
安徽,六安,六安新海源商贸有限公司,
安徽,六安,上海宋庆龄基金会,
安徽,六安,舒城县城关镇恒达食品商行,
安徽,六安,舒城县城关镇远大食品商行,
安徽,马鞍山,含山县环峰荣兴万客隆购物中心,
安徽,马鞍山,含山县环峰荣兴烟酒经营部,
安徽,马鞍山,和县程玲百货商行,
安徽,马鞍山,和县宇峰商行,
安徽,马鞍山,马鞍山木易商贸有限公司,
安徽,马鞍山,马鞍山市雨山区和马食品店,
安徽,马鞍山,马鞍山市雨山区美乐美食品销售中心,
安徽,马鞍山,马鞍山市雨山区益加益食品销售中心,
安徽,马鞍山,马鞍山市媛阳商贸有限公司,
安徽,马鞍山,马鞍山沃而德食品贸易发展有限公司,
安徽,铜陵,枞阳县成记贸易商行,
安徽,铜陵,枞阳县前进贸易商行,
安徽,铜陵,枞阳县长河贸易商行,
安徽,铜陵,桐城市宏光商贸有限公司,
安徽,铜陵,桐城市汇众商贸经营部,
安徽,铜陵,铜陵市福旺食品经营部,
安徽,铜陵,铜陵市鸿展商贸有限公司,
安徽,铜陵,铜陵市郊区康诺食品经营部,
安徽,芜湖,安徽东科贸易有限公司,
安徽,芜湖,繁昌县峨山镇康诚食品批发部,
安徽,芜湖,合肥光明乳业销售有限公司芜湖分公司,
安徽,芜湖,镜湖区常年妙用食品经营部,
安徽,芜湖,镜湖区勤兵食品经营部,
安徽,芜湖,镜湖区长文食品经营部,
安徽,芜湖,鸠江区妙常食品经营部,
安徽,芜湖,南陵县彭氏兄弟商贸经营部,
安徽,芜湖,南陵县天虹食品商贸经营部,
安徽,芜湖,上海光明随心订电子商务有限公司芜湖分公司,
安徽,芜湖,上海世纪联华超市发展有限公司,
安徽,芜湖,无为县鸿鹄食品商行,
安徽,芜湖,无为县华顺商贸经营部,
安徽,芜湖,无为县顺鑫食品经营部,
安徽,芜湖,芜湖市文长食品配送部,
安徽,芜湖,芜湖市信康食品经营部,
安徽,芜湖,芜湖天淼商贸有限公司,
安徽,芜湖,芜湖县勇发商贸经营部,
安徽,宿州,灵璧县灵城星原食品经营部,
安徽,宿州,泗县盛康商行,
安徽,宿州,泗县帅王烟酒店,
安徽,宿州,泗县王海副食批发部,
安徽,宿州,宿州市？桥区肖家超市,
安徽,宿州,宿州市智博商贸有限公司,
安徽,宣城,安徽省宣城市康明商贸有限公司,
安徽,宣城,广德县港东副食品批发部,
安徽,宣城,广德县航行副食品商行,
安徽,宣城,广德县远行食品商行,
安徽,宣城,郎溪县鑫万商贸有限公司,
安徽,宣城,宁国市和润商贸有限公司,
安徽,宣城,宁国市五环商贸行,
安徽,宣城,宣城健丰商贸有限公司,
安徽,宣城,宣城市成长食品有限公司,
安徽,宣城,宣城市健丰商行,
安徽,宣城,宣城市马路食品经营部,
安徽,宣城,宣城市政好商贸行,
安徽,宣城,宣城市中山商贸有限责任公司,
北京,北京,霸州市益津市场坤慈食品销售中心,
北京,北京,北京艾特菲思商贸有限公司,
北京,北京,北京昌平区直营客户,
北京,北京,北京朝批盛隆商贸有限公司,
北京,北京,北京东方来旺食品有限责任公司,
北京,北京,北京风丽呈翔商贸有限公司,
北京,北京,北京凤凰易德商贸有限责任公司,
北京,北京,北京福华鑫源商贸有限公司,
北京,北京,北京光明健康乳业销售有限公司,
北京,北京,北京光明健能乳业有限公司,
北京,北京,北京瀚铭轩商贸有限公司,
北京,北京,北京和度兴业贸易有限责任公司,
北京,北京,北京恒丰众信贸易有限责任公司,
北京,北京,北京华泰永和商贸有限公司,
北京,北京,北京华伟龙硕科技有限公司,
北京,北京,北京汇众通源商贸有限公司,
北京,北京,北京嘉旺日升生物科技有限公司,
北京,北京,北京京利双达商贸有限公司,
北京,北京,北京京西孙维卫食品经营部,
北京,北京,北京康源盛达商贸有限公司,
北京,北京,北京科益丰农产品销售有限公司,
北京,北京,北京鲁梁水泊商贸有限公司,
北京,北京,北京密云区直营客户,
北京,北京,北京诺沙成阁商贸中心,
北京,北京,北京乔承达商贸有限公司,
北京,北京,北京瑞利聚德商贸中心,
北京,北京,北京瑞太华兴商贸有限公司,
北京,北京,北京润民顺发商贸有限公司,
北京,北京,北京润泽泓源商贸有限公司,
北京,北京,北京神厨食品销售有限公司,
北京,北京,北京圣翔日创商贸有限公司,
北京,北京,北京市顺京豪商贸有限公司,
北京,北京,北京市喜明达商贸有限公司,
北京,北京,北京双丽清佳食品有限责任公司,
北京,北京,北京天助卓洋商贸有限公司,
北京,北京,北京通达慧远科技有限公司,
北京,北京,北京同益源达商贸有限责任公司,
北京,北京,北京万乐兴隆商贸有限公司,
北京,北京,北京乌兰众诚商贸有限公司,
北京,北京,北京祥汇通源商贸有限公司,
北京,北京,北京新海景商贸有限公司,
北京,北京,北京鑫京香食品有限公司,
北京,北京,北京怡和美联商贸有限公司,
北京,北京,北京谊联百嘉商贸有限公司,
北京,北京,北京云鹰飞商贸有限公司,
北京,北京,北京中盛泰达商贸有限公司,
北京,北京,北京众合鼎盛科贸有限公司,
北京,北京,诚天祥和（北京）商贸有限公司,
北京,北京,固安县固安镇双北食品销售中心,
北京,北京,亨氏联合有限公司,
北京,北京,宽城群浩商贸有限公司,
北京,北京,廊坊市高鑫商贸有限公司,
北京,北京,廊坊市广阳区碾子营村佳妙副食店,
北京,北京,廊坊市雅荣商贸有限公司,
北京,北京,廊坊天创商贸有限公司,
北京,北京,利乐包装（昆山）有限公司,
北京,北京,三河市？阳南环商店,
北京,北京,三河市富振兴商贸有限公司,
北京,北京,上海邀请电子商务有限公司北京分公司,
北京,北京,香河鑫晟商贸有限公司,
北京,北京,中商惠民（北京）电子商务有限公司,
福建,福州,福建顺康贸易有限公司,
福建,福州,福清承誉贸易有限公司,
福建,福州,福清市龙田镇祥顺食品贸易商行,
福建,福州,福清市四季红贸易有限公司,
福建,福州,福州百发贸易有限公司,
福建,福州,福州华福贸易有限公司,
福建,福州,福州盛世航港贸易有限公司,
福建,福州,福州市鼓楼区宇凡食品商行,
福建,福州,福州市展诚贸易有限责任公司,
福建,福州,晋江木槿贸易有限公司,
福建,福州,连江县鸿吉食品商行,
福建,福州,闽清县梅城财齐食杂店,
福建,福州,平潭县金海坛贸易商行,
福建,福州,平潭综合实验区慧辉食品商行,
福建,福州,长乐吴航优臣便利店,
福建,龙岩,古田县东创食品贸易商行,
福建,龙岩,连城县凯业食品配送中心,
福建,龙岩,连城县莲峰顺利食杂商行,
福建,龙岩,龙岩市诚之信贸易有限公司,
福建,龙岩,龙岩市天银食品经贸有限公司,
福建,龙岩,龙岩市永定县金淼食品有限公司,
福建,龙岩,上杭县张记副食经营部,
福建,龙岩,永安市真橙商贸有限公司,
福建,龙岩,长汀县德皓食品商行（停单）,
福建,龙岩,长汀县皓全贸易有限公司,
福建,南平,建瓯市万喜贸易有限公司,
福建,南平,南平市建阳区恒大商贸有限公司,
福建,南平,浦城县亿佳食品商行,
福建,南平,顺昌县龙荣食品贸易商行,
福建,南平,武夷山市和庆商场,
福建,南平,政和县张美英商行,
福建,宁德,福安市博恒商贸有限公司,
福建,宁德,福安市新星食品经营部,
福建,宁德,福鼎市厦鹏食品商行,
福建,宁德,古田县升华大饭碗商贸有限公司,
福建,宁德,杭州光明乳业销售有限公司福州分公司,
福建,宁德,宁德市东鑫商贸有限公司,
福建,宁德,屏南县盛宝利食品商行,
福建,宁德,浦城县利泉食品商行,
福建,宁德,霞浦县友灿食品店,
福建,宁德,周宁县世纪牛奶店,
福建,莆田,莆田市城厢区贝贝食品贸易商行,
福建,莆田,莆田市钜丰贸易有限公司,
福建,莆田,莆田市仙游云润贸易有限公司,
福建,泉州,惠安县鸿腾贸易商行,
福建,泉州,晋江市可蓝食品贸易有限公司,
福建,泉州,晋江市美捷食品贸易有限公司,
福建,泉州,南安市乐峰镇潘添财食品行,
福建,泉州,泉港区永荣食品商行,
福建,泉州,泉港区悦诚食品商行,
福建,泉州,泉州市圣霖贸易有限公司,
福建,泉州,泉州延庆商贸有限公司,
福建,泉州,厦门市中煜兴贸易有限责任公司,
福建,三明,福建京丰贸易有限公司,
福建,三明,福建长富乳品有限公司,
福建,三明,福建中贸贸易有限公司,
福建,三明,建宁县建鑫贸易商行,
福建,三明,明溪县城关山泉冰厅,
福建,三明,平和县鑫合益食杂店,
福建,三明,三明景宇贸易有限公司,
福建,三明,沙县东祥食品商行,
福建,三明,泰宁县城关江梅芳食杂店,
福建,三明,尤溪县好多多食杂店,
福建,厦门,杭州光明乳业销售有限公司厦门分公司,
福建,厦门,龙海市榜山黑松食杂经营部,
福建,厦门,厦门鹭银海企业管理有限公司,
福建,厦门,厦门市集美区兴银海鑫副食品店,
福建,漳州,东山县西埔镇春晖食杂店,
福建,漳州,华安县日丰平价店新社分店,
福建,漳州,龙海市角美家家福食杂店,
福建,漳州,南靖县顺恒贸易商行,
福建,漳州,永安市真橙商贸有限公司,
福建,漳州,漳浦县弘晟贸易有限公司,
福建,漳州,漳浦县裕鑫食品贸易商行,
福建,漳州,漳州开发区海兴食杂店,
福建,漳州,漳州市恒晟商贸发展有限公司,
福建,漳州,漳州市龙文区鑫飞洋贸易有限公司,
福建,漳州,漳州市芗城区和翔食品商行,
福建,漳州,漳州市芗城区林文根食杂店,
福建,漳州,诏安县四都嘉祥食杂商行,
甘肃,酒泉,敦煌市金鑫源超市,
甘肃,酒泉,敦煌市鑫源超市,
甘肃,酒泉,敦煌市众鑫源商贸有限责任公司,
甘肃,酒泉,瓜州县姚氏商贸有限责任公司,
甘肃,酒泉,哈密市环城路凤来仪商行,
甘肃,酒泉,嘉峪关金恒信副食超市,
甘肃,酒泉,金塔县康富综合经营部,
甘肃,酒泉,酒泉市肃州区佳鑫源副食批发部,
甘肃,酒泉,酒泉腾辉商贸有限责任公司,
甘肃,酒泉,酒泉正阳商贸有限责任公司,
甘肃,酒泉,鄯善县海全商行,
甘肃,酒泉,鄯善县浩博商行,
甘肃,酒泉,玉门市万家利商行,
甘肃,兰州,安宁恒康食品经营部,
甘肃,兰州,白银区九味干果商店,
甘肃,兰州,白银盛达昌商贸有限公司,
甘肃,兰州,敦煌市鑫源超市,
甘肃,兰州,甘肃泰顺达商贸有限公司,
甘肃,兰州,海石湾恒康乳制品经营部,
甘肃,兰州,徽县居易饮品经销部,
甘肃,兰州,景泰县景来顺百货批发部,
甘肃,兰州,靖远新金龙商行,
甘肃,兰州,康乐县南街星神综合商店,
甘肃,兰州,兰州璨然商贸有限公司(停单),
甘肃,兰州,兰州动达商贸有限公司,
甘肃,兰州,兰州新羽霖商贸有限公司,
甘肃,兰州,兰州怡万贸易有限公司,
甘肃,兰州,兰州宜鑫商贸有限公司,
甘肃,兰州,兰州亿德隆商贸有限责任公司,
甘肃,兰州,兰州亿民商贸有限公司,
甘肃,兰州,七里河区润佳副食经营部,
甘肃,兰州,天祝县鑫鑫粮油副食经销部,
甘肃,兰州,伊华经销部,
甘肃,兰州,永登城关昌庆百货商行,
甘肃,兰州,永靖县肖元香经销部,
甘肃,兰州,榆中益多多百货商店,
甘肃,天水,成县物美商行,
甘肃,天水,定西天益成食品有限公司,
甘肃,天水,甘谷县成功副食商行,
甘肃,天水,徽县星翼商贸有限责任公司,
甘肃,天水,会宁县巨丰商行,
甘肃,天水,静宁县小小洋酒行,
甘肃,天水,康县城关镇利好多综合批发部,
甘肃,天水,陇南百旺商贸有限公司,
甘肃,天水,陇南合元商贸有限公司,
甘肃,天水,麦积区鑫盛源副食商行,
甘肃,天水,平凉市崆峒区志全食品店,
甘肃,天水,秦安县庄园乳业直营店,
甘肃,天水,秦州区庆广丰商行,
甘肃,天水,庆阳方兴食品有限公司,
甘肃,天水,武都喜新副食经销部,
甘肃,天水,武都远文综合商行,
甘肃,天水,西和县汇旺百货副食批发部,
甘肃,天水,漳县庄园乳品直营店,
甘肃,天水,庄浪县金生成天天商贸有限公司,
甘肃,天水,庄浪县喜乐百货批发门市部,
甘肃,武威,武威清玉轩商贸有限公司,
甘肃,张掖,张掖市甘州区林海副食商行,
甘肃,张掖,张掖市鑫发源商贸有限公司,
广东,东莞,东莞市麦登食品有限公司,
广东,东莞,广州光明乳业销售有限公司,
广东,东莞,深圳市人人乐商业有限公司,
广东,佛山,广州光明乳业销售有限公司,
广东,佛山,广州家广超市有限公司,
广东,佛山,深圳市人人乐商业有限公司,
广东,佛山,珠海市百群进出口有限公司,
广东,广州,广州荣国贸易有限公司,
广东,广州,广州市青全生物科技有限公司,
广东,广州,广州市悦牛贸易有限公司,
广东,广州,广州易初莲花连锁超市有限公司,
广东,广州,清远市新城斯迪商行,
广东,惠州,东莞市塘厦佳好副食批发部,
广东,惠州,广州光明乳业销售有限公司,
广东,惠州,河源市源城区多利雅商店,
广东,惠州,惠阳区淡水永生饮料经销店,
广东,惠州,惠州市弘益贸易有限公司,
广东,惠州,惠州市惠城区三力众益百货商行,
广东,惠州,惠州市鹏源贸易有限公司,
广东,惠州,惠州市永逸康贸易有限公司,
广东,汕头,潮州市潮安区庵埠镇振丰食品商行,
广东,汕头,潮州市湘桥区南春彭源食品店,
广东,汕头,广州光明乳业销售有限公司,
广东,汕头,揭阳市东山区东阳荣通副食品经营部,
广东,汕头,揭阳市榕城区东兴鹏禧副食品商行,
广东,汕头,梅州市凯利达贸易有限公司,
广东,汕头,汕头市潮南区司马浦锦润食品商行,
广东,汕头,汕头市潮南区峡山益强百货商店,
广东,汕头,汕头市澄海区扬帆酒类饮料经营部,
广东,汕头,汕头市龙湖区鑫跃食品商行,
广东,汕头,汕头市龙湖区珠池荣丰商行,
广东,汕头,汕头市鑫跃贸易有限公司,
广东,深圳,东莞市洋通饮料贸易有限公司,
广东,深圳,东莞市忠佳饮料贸易有限公司,
广东,深圳,东莞市众为食品有限公司,
广东,深圳,深圳市弘百原贸易有限公司,
广东,深圳,深圳市利富华食品有限公司,
广东,深圳,深圳市联鑫源贸易有限公司,
广东,深圳,深圳市齐汉发贸易有限公司,
广东,深圳,深圳市巧力加食品有限公司,
广东,深圳,深圳市鑫鹏晨贸易有限公司,
广东,深圳,深圳市鑫鹏誉贸易有限公司,
广东,深圳,深圳市业奇商贸有限公司,
广东,湛江,广州光明乳业销售有限公司,
广东,湛江,化州市黄月萍牛奶总汇,
广东,湛江,茂名市电白区恒立商贸有限公司,
广东,湛江,茂名市真好贸易有限公司,
广东,湛江,深圳市人人乐商业有限公司,
广东,湛江,阳江市绿源商贸有限公司,
广东,湛江,阳西县合生奶业商行,
广东,湛江,湛江市大辉实业有限公司,
广东,湛江,湛江市霞山诚立商贸有限公司,
广东,珠海,广州光明乳业销售有限公司,
广东,珠海,开平市沙冈德丰商行,
广东,珠海,深圳市人人乐商业有限公司,
广东,珠海,中山市佰和商贸有限公司,
广东,珠海,珠海家乐福商业有限公司,
广东,珠海,珠海市恒森泰国际贸易有限公司,
广东,珠海,珠海市琪华发展有限公司,
广西,百色,平果东来百货经营部,
广西,北海,北海品尚宅配物流有限公司,
广西,北海,北海市海城区双剑商行,
广西,北海,广州光明乳业销售有限公司,
广西,贵港,贵港市大琅商贸有限公司,
广西,桂林,北海市海城区伟祥商行,
广西,桂林,叠彩区宏昌酒业商行,
广西,桂林,广西玉林市晨昕商贸有限公司,
广西,桂林,广州光明乳业销售有限公司,
广西,桂林,桂林汇宜商贸有限责任公司,
广西,桂林,桂林市禾山贸易有限公司,
广西,桂林,桂林市欢庆贸易有限公司,
广西,桂林,桂林市汇聚贸易有限公司,
广西,桂林,桂林市泽酩贸易有限公司,
广西,桂林,桂林市长青商贸有限公司,
广西,桂林,桂林裕事达农产品有限公司,
广西,桂林,贺州八步菲凡贸易商行,
广西,桂林,贺州市八步区东枚日用百货商行,
广西,桂林,平桂管理区黄田红远食品商行,
广西,桂林,全州欢乐超市,
广西,桂林,象山区鑫鼎食品批发部,
广西,桂林,永福县敏记食品经营部,
广西,柳州,都安锦锈商店,
广西,柳州,广州光明乳业销售有限公司,
广西,柳州,河池市旺城商贸有限公司,
广西,柳州,来宾市兴宾区锦丰商行,
广西,柳州,柳州市泛美贸易有限公司,
广西,柳州,柳州市柳南区正江百货商行,
广西,柳州,柳州市铭玲商贸有限公司,
广西,柳州,柳州市鑫昌食品有限公司,
广西,柳州,宜州市鑫圣商贸有限公司,
广西,南宁,北海市浦杭贸易有限公司,
广西,南宁,广州光明乳业销售有限公司,
广西,南宁,合浦县浦天副食经营部,
广西,南宁,南宁广寒宫食品有限公司,
广西,南宁,南宁市泓锆商贸有限公司,
广西,南宁,南宁市景洋商贸有限公司,
广西,南宁,南宁市哞哞牛食品经营部,
广西,南宁,南宁市优铎商贸有限公司,
广西,南宁,南宁市友成合业商贸有限责任公司,
广西,南宁,南宁市云琪鑫贸易有限公司,
广西,梧州,岑溪市百顺副食品商行,
广西,梧州,广州光明乳业销售有限公司,
广西,梧州,梧州市桂扬商贸有限公司,
广西,梧州,玉林市小师妹商城,
广西,梧州,中国邮政集团公司广西壮族自治区岑溪市分公司,
广西,梧州,中国邮政集团公司梧州市分公司,
贵州,贵阳,安顺信邦贸易有限公司,
贵州,贵阳,贵州黔景光明贸易有限公司,
贵州,贵阳,贵州云大精致商贸有限公司,
贵州,贵阳,纳雍县陶子风商行,
贵州,贵阳,清镇市兄弟雪糕批发部,
贵州,贵阳,遵义聚合盛泰商贸有限公司,
海南,海口,海南信之康贸易有限公司,
海南,海口,昆山润华商业有限公司广州黄埔分公司,
河北,保定,安国市安永商贸批发部,
河北,保定,保定旭创商贸有限公司,
河北,保定,北京光明健康乳业销售有限公司,
河北,保定,沧州市玉喜食品销售有限公司,
河北,保定,沧州兴佳振合商贸有限公司,
河北,保定,定州市秀丽乳制品经营部,
河北,保定,高碑店市惠氏食品销售有限公司,
河北,保定,高阳县永广副食经销部,
河北,保定,海兴县盛强副食店,
河北,保定,河北杰出商贸有限公司,
河北,保定,河北山林约果商贸有限公司,
河北,保定,河间市昌盛超市,
河北,保定,黄骅市香驰粮油商贸有限公司,
河北,保定,满城县友发综合批发部,
河北,保定,青县光辉乳制品经销处,
河北,保定,清苑县建国商贸有限公司,
河北,保定,任丘市星舒商贸有限责任公司,
河北,保定,容城县福星商店,
河北,保定,肃宁县康源副食店,
河北,保定,雄县顺发副食批发部,
河北,石家庄,安平县福源副食批发部,
河北,石家庄,安平县衡福食品商贸有限公司,
河北,石家庄,北京光明健康乳业销售有限公司,
河北,石家庄,藁城市丁丁食品经销处,
河北,石家庄,故城县郑口涵美副食部,
河北,石家庄,河北富丽豪商贸有限公司,
河北,石家庄,河北日源贸易有限公司,
河北,石家庄,衡水国钰商贸有限公司,
河北,石家庄,衡水市桃城区祥宙副食百货店,
河北,石家庄,冀州市鸿鹄食品店,
河北,石家庄,晋州市孟东副食经营部,
河北,石家庄,景县广发副食批发部,
河北,石家庄,鹿泉区鑫玉合超市,
河北,石家庄,栾城县汇旺综合门市部,
河北,石家庄,平山县一元店,
河北,石家庄,深州市金城食品商行,
河北,石家庄,石家庄宝丰源商贸有限公司,
河北,石家庄,石家庄华增商贸有限公司,
河北,石家庄,石家庄日出食品有限公司,
河北,石家庄,石家庄市新华区古驰食品销售部,
河北,石家庄,石家庄寿宏商贸有限公司,
河北,石家庄,石家庄旺洪商贸有限公司,
河北,石家庄,石家庄悟净商贸有限公司,
河北,石家庄,无极县开心食品采购站,
河北,石家庄,武强县心愿综合商店,
河北,石家庄,武邑县永合盛副食粮油商行,
河北,石家庄,辛集市恒鑫副食经销部,
河北,石家庄,辛集市宗翼商贸有限公司,
河北,石家庄,新乐市鑫晨食品批发部,
河北,石家庄,元氏县德晟商贸有限公司,
河北,石家庄,枣强县秀丽商贸有限公司,
河北,石家庄,正定县隆源乳制品经销处,
河北,唐山,北京光明健康乳业销售有限公司天津第一分公司,
河北,唐山,滦南县茂淞食品批发部,
河北,唐山,秦皇岛杰出商贸有限公司,
河北,唐山,唐山市路南美之源食品商行,
河北,唐山,唐山市圣和国际贸易有限公司,
河北,唐山,唐山市昕汇商贸有限公司,
河北,唐山,唐山市旭联商贸有限公司,
河北,唐山,唐山文创贸易有限公司,
河北,唐山,遵化市堡子店圣旺达商店,
河北,邢台,北京光明健康乳业销售有限公司,
河北,邢台,馆陶县锦华通诚信购物中心有限公司,
河北,邢台,邯郸开发区盛康食品销售中心,
河北,邢台,邯郸市峰峰百味贸易有限公司,
河北,邢台,邯郸市邯山都乐商贸有限公司,
河北,邢台,邯郸市盛牧贸易有限公司,
河北,邢台,河北美食林商贸集团有限公司,
河北,邢台,河北亿源商贸有限责任公司,
河北,邢台,鸡泽县华龙面专营店,
河北,邢台,鸡泽县宋高起食品门市,
河北,邢台,巨鹿县路水烟酒门市,
河北,邢台,巨鹿县一川副食门市,
河北,邢台,临城县昊源商贸有限公司,
河北,邢台,临西县下堡寺镇万客隆超市,
河北,邢台,隆尧县滏阳街鸿源食品经营部,
河北,邢台,隆尧县益谦食品销售有限公司,
河北,邢台,南宫市华冠食品批发部,
河北,邢台,南宫市太祥烟酒商店,
河北,邢台,宁晋县诚宁商贸有限公司,
河北,邢台,宁晋县鑫飞食品门市,
河北,邢台,桥东区辉弘食品经销处,
河北,邢台,清河县海达商贸中心,
河北,邢台,清河县惠诚牛奶经销处,
河北,邢台,清河县盛鑫牛奶经销处,
河北,邢台,任县龙枝中华烟酒门市部,
河北,邢台,沙河市正鑫超市,
河北,邢台,涉县建新街威利小超市,
河北,邢台,魏县福鑫超市,
河北,邢台,魏县瑞丰兴业食品批发部,
河北,邢台,武安市武安镇优可滋食品店,
河北,邢台,邢台市福美多商贸有限责任公司,
河北,邢台,邢台市昊晨贸易有限公司,
河北,邢台,永年县中原市场羽飞副食调料商店,
河南,安阳,安阳市北关区海英副食经营部,
河南,安阳,安阳县福庆副食品有限责任公司,
河南,安阳,滑县道口畅京副食店,
河南,安阳,林州市百姓家超市有限公司,
河南,安阳,林州市巨鼎商贸有限公司,
河南,安阳,林州市开元区秀平副食店,
河南,安阳,龙安区昌盛商贸经销部,
河南,安阳,内黄县城关镇乖宝宝妇婴用品门市,
河南,安阳,内黄县城关镇雪宾副食店,
河南,安阳,汤阴县城关永通路邓小勇食品店,
河南,焦作,博爱县大雁副食批发部,
河南,焦作,博爱县元汇鑫食品批发部,
河南,焦作,博爱县月月超市,
河南,焦作,济源市天坛恒丰副食批发部,
河南,焦作,焦作市福泉商贸有限公司,
河南,焦作,焦作市山阳区百姓批发部,
河南,焦作,焦作市山阳区美杉百货批发商行,
河南,焦作,孟州市钰东乳品行,
河南,焦作,沁阳市达利副食部,
河南,焦作,沁阳市金润贸易有限公司,
河南,焦作,温县恒信副食店,
河南,焦作,温县宏大胜利商行,
河南,焦作,武陟县红旗路鸿伟百货商行,
河南,焦作,武陟县文博批发部,
河南,焦作,武陟正合商贸有限公司,
河南,开封,河南省尉水桥商贸有限公司,
河南,开封,开封市李杰商贸有限公司,
河南,开封,开封市亿通供应链管理有限公司,
河南,开封,兰考县新富康副食商行,
河南,开封,杞县朝阳副食品商行,
河南,开封,杞县艳丽副食商行,
河南,开封,通许县张岗副食店,
河南,洛阳,河南大张实业有限公司,
河南,洛阳,栾川县城关镇皓丰副食批发部,
河南,洛阳,栾川县金源商贸有限公司,
河南,洛阳,洛阳根硕商贸有限公司,
河南,洛阳,洛阳利贤商贸有限公司,
河南,洛阳,洛阳宁雅商贸有限公司,
河南,洛阳,洛阳润都商贸有限公司,
河南,洛阳,洛阳润鹏商贸有限公司,
河南,洛阳,孟津县城关闪灵副食商店,
河南,洛阳,孟津县送庄宏伟百杂批发部,
河南,洛阳,嵩县永辉副食批发部,
河南,洛阳,新安县新城天旺批发部,
河南,洛阳,新安县新城骁龙副食综合经营部,
河南,洛阳,偃师市城关镇高庄村娟娟副食商行,
河南,洛阳,伊川县二盼副食销售部,
河南,洛阳,伊川县聚贤副食销售部,
河南,洛阳,宜阳县锦屏镇金海川副食店,
河南,洛阳,宜阳县香鹿山镇鑫缘副食店,
河南,漯河,临颍县恒帅商贸有限公司,
河南,漯河,漯河广腾商贸有限公司,
河南,漯河,漯河双汇商业连锁有限公司,
河南,漯河,漯河迅腾恒通商贸有限公司,
河南,漯河,漯河咨妤商贸有限公司,
河南,漯河,上蔡县天汉副食门市,
河南,漯河,上蔡县喜迎门烟酒店,
河南,漯河,舞阳县麦子干鲜果、枣、无糖食品专营店,
河南,漯河,西平县天成牛奶店,
河南,南阳,邓州市众欣副食商行,
河南,南阳,方城县隆鑫恒远商贸有限公司,
河南,南阳,南阳丰益嘉商贸有限公司,
河南,南阳,南阳高新区四季发商行,
河南,南阳,南阳市参泉商贸有限公司,
河南,南阳,南阳市起点食业有限公司,
河南,南阳,南阳市万德隆商贸有限责任公司,
河南,南阳,南阳市新雨沃商贸有限公司,
河南,南阳,南召县城关广明名烟名酒店,
河南,南阳,内乡县湍东镇武洋副食批发部,
河南,南阳,平顶山市鑫美商贸有限公司,
河南,南阳,赊店镇恒瑞副食经营部,
河南,南阳,唐河县盛世宏昌副食商行,
河南,南阳,唐河县中达副食店,
河南,南阳,桐柏县埠江镇豫通商行,
河南,南阳,西峡县玖玖副食批发中心,
河南,南阳,淅川县城关嘉华副食品商行,
河南,南阳,新野同盛商贸有限公司,
河南,南阳,雨航副食批发商行,
河南,南阳,镇平县倬越副食批发部,
河南,平顶山,宝丰县亚棚商行,
河南,平顶山,河南九头崖集团平顶山商业连锁有限公司,
河南,平顶山,郏县东明食品商行,
河南,平顶山,郏县东升源商贸有限公司,
河南,平顶山,鲁山县融昌商业有限公司,
河南,平顶山,平顶山市福盛隆商贸有限公司,
河南,平顶山,平顶山市李志豪商贸有限公司,
河南,平顶山,平顶山市三英众诚商贸有限公司,
河南,平顶山,平顶山市四方融商贸有限责任公司,
河南,平顶山,平顶山市添瑞商贸有限公司,
河南,平顶山,平顶山市旺凯旺商贸有限公司,
河南,平顶山,平顶山市祥鼎和商贸有限公司,
河南,平顶山,平顶山市鹰之鹰实业有限公司,
河南,平顶山,汝州市延龙商贸有限公司,
河南,平顶山,舞钢市靖瑶食品商行,
河南,平顶山,舞钢市瑞邦贸易商行,
河南,平顶山,叶县昆阳镇聚鑫烟酒店,
河南,平顶山,叶县泽远商贸有限公司,
河南,濮阳,范县城关鑫鑫超市,
河南,濮阳,范县恒信商行,
河南,濮阳,鹤壁市淇滨区瑞珍乳制品经销部,
河南,濮阳,鹤壁市山城区红旗街五巷光达百货商店,
河南,濮阳,鹤壁市山城区玉民乳制品经销部,
河南,濮阳,南乐县汇源商行,
河南,濮阳,濮阳市黄河路龙都酒文化传播中心,
河南,濮阳,濮阳市盛世康源商贸有限公司,
河南,濮阳,濮阳市曙光物流配送有限公司,
河南,濮阳,濮阳市文化路意可达超市,
河南,濮阳,清丰县城关镇建飞五金电料门市,
河南,濮阳,台前县人民路富康副食门市部,
河南,三门峡,灵宝市磊磊副食商行,
河南,三门峡,卢氏县城关镇建康烟酒副食门市,
河南,三门峡,渑池县鸿泰量贩,
河南,三门峡,三门峡星舟商贸有限责任公司,
河南,三门峡,义马市千秋云峰副食商行,
河南,商丘,个人客户何建西,
河南,商丘,蔺安坤,
河南,商丘,商丘市方赢商贸有限公司,
河南,商丘,商丘市睢阳区效兰副食经营店,
河南,商丘,睢县天天旺烟酒副食部,
河南,商丘,睢县长建副食门市部,
河南,商丘,永城市西城区盛祥副食商行,
河南,商丘,虞城县中正食品批发部,
河南,商丘,柘城县鑫利达副食门市部,
河南,新乡,封丘县博源商贸有限公司,
河南,新乡,封丘县中源商贸行,
河南,新乡,辉县市百泉辉达批发部,
河南,新乡,辉县市西关国顺百货副食批发部,
河南,新乡,辉县市治德百货商店,
河南,新乡,卫辉市柳庄乡嘉盛副食商行,
河南,新乡,新乡市高新区宏远副食商行,
河南,新乡,新乡市君睿商贸有限公司,
河南,新乡,新乡市胖东来生活广场有限公司,
河南,新乡,新乡市三强商贸有限公司,
河南,新乡,延津县亿源商贸,
河南,新乡,长垣县茗阳商贸有限公司,
河南,新乡,长垣县永发副食店,
河南,信阳,固始县丰盛商贸有限公司,
河南,信阳,固始县九洲酒业,
河南,信阳,固始县豫皖副食,
河南,信阳,光山县宏旺副食批发部,
河南,信阳,光山县胡纪强副食店,
河南,信阳,淮滨县北城金峰副食店,
河南,信阳,潢川润阳商贸有限公司,
河南,信阳,潢川县民丰商贸有限公司,
河南,信阳,潢川县天隆副食商行,
河南,信阳,潢川县中信副食商行,
河南,信阳,罗山县祥诚商贸中心,
河南,信阳,商城县培招商贸,
河南,信阳,息县俊玲副食店,
河南,信阳,新县城关首府路乳品店,
河南,信阳,信阳市？河区富华食品有限公司,
河南,许昌,光山县宏旺副食批发部,
河南,许昌,河南新亦鲜乳制品有限公司,
河南,许昌,开封市祥符区城关镇家乐光明乳业批发部,
河南,许昌,许昌瑞程商贸有限公司,
河南,许昌,许昌市胖东来商贸集团有限公司,
河南,许昌,许昌顺泽商贸有限公司,
河南,许昌,许昌魏都品融百货商行,
河南,许昌,许昌新志商贸有限公司,
河南,许昌,许昌鑫盛鸿商贸有限公司,
河南,许昌,许昌鑫水商贸有限公司,
河南,许昌,鄢陵县百易副食商行,
河南,许昌,鄢陵县弘润源副食品有限公司,
河南,许昌,禹州市平安福商贸有限公司,
河南,许昌,长葛市车红红星百货经营店,
河南,许昌,长葛市宏伟副食店,
河南,许昌,长葛市益百家商贸有限公司,
河南,郑州,登封市卢店镇王俊豪综合门市,
河南,郑州,登封市市区德隆商贸行,
河南,郑州,巩义市城区天泽副食商行,
河南,郑州,河南多凯食品有限公司,
河南,郑州,河南荣易禾贸易有限公司,
河南,郑州,河南众易杰贸易有限公司,
河南,郑州,新密市健源副食品门市,
河南,郑州,新郑市新华路建中商行,
河南,郑州,荥阳市爱家城东超市,
河南,郑州,荥阳市建业商贸有限公司,
河南,郑州,郑州成锦贸易有限公司,
河南,郑州,郑州光明山盟乳业有限公司,
河南,郑州,郑州豪佳利商贸有限公司,
河南,郑州,郑州市二七区众杰烟酒商行,
河南,郑州,郑州市惠济区永兴商店,
河南,郑州,郑州市金水区夏进副食商行,
河南,郑州,郑州新供销商贸配送有限责任公司,
河南,郑州,郑州众元汇商贸有限公司,
河南,郑州,郑州众志杰商贸有限公司,
河南,郑州,中牟县德美综合商行,
河南,周口,郸城县利亨商贸有限公司,
河南,周口,郸城县连银饮料副食经销中心,
河南,周口,扶沟县春艳商贸,
河南,周口,扶沟县威旺副食商行,
河南,周口,个人客户王世全,
河南,周口,个体户娄飞,
河南,周口,河南华兴物流配货有限公司,
河南,周口,淮阳县胡海深副食商行,
河南,周口,淮阳县威顺商贸中心,
河南,周口,淮阳县英良商贸商行,
河南,周口,鹿邑县南环玉华超市,
河南,周口,鹿邑县杨彩玲副食店,
河南,周口,沈丘县恒通副食部,
河南,周口,沈丘县兴田副食,
河南,周口,太康县领袖副食批发部,
河南,周口,西华县华兴商贸有限公司,
河南,周口,项城市水寨刘成宾副食批零部,
河南,周口,周口嘉元商贸有限公司,
河南,周口,周口市昌硕商贸有限公司,
河南,驻马店,个人客户高敏,
河南,驻马店,个人客户孟书成,
河南,驻马店,刘永明副食店,
河南,驻马店,泌阳县顺兴副食门市部,
河南,驻马店,泌阳县永飞乳制品门市,
河南,驻马店,平舆县华俊副食批零部,
河南,驻马店,平舆县神龙副食批发部,
河南,驻马店,确山县尚红副食门市部,
河南,驻马店,汝南县永旺副食商贸,
河南,驻马店,遂平县悦心副食店,
河南,驻马店,驻马店市携程商贸有限公司,
河南,驻马店,驻马店市驿城区红杰副食批发部,
河南,驻马店,驻马店市驿城区鲲鹏副食店,
河南,驻马店,驻马店市驿城区奕凡副食店,
黑龙江,大庆,宾县宾州惠丰农牧食品专营店,
黑龙江,大庆,大庆市达顺经贸有限公司,
黑龙江,大庆,大庆市伟丹经贸有限公司,
黑龙江,大庆,哈尔滨创途商贸有限公司,
黑龙江,大庆,哈尔滨芳林经贸有限公司,
黑龙江,大庆,哈尔滨君英商贸有限公司,
黑龙江,大庆,哈尔滨荣运商贸有限公司,
黑龙江,大庆,哈尔滨市阿城区金阳食品经销部,
黑龙江,大庆,林甸县北星食品批发部,
黑龙江,大庆,尚志市兴宇食杂店,
黑龙江,大庆,通河县利发食品批发,
黑龙江,大庆,依兰县宏鼎盛副食商店,
黑龙江,大庆,依兰县宏鼎盛副食商店一部,
黑龙江,哈尔滨,巴彦县鑫仁合食杂店,
黑龙江,哈尔滨,广州宝洁有限公司,
黑龙江,哈尔滨,哈尔滨宝利宝商贸有限公司,
黑龙江,哈尔滨,哈尔滨鼎淳商贸有限公司,
黑龙江,哈尔滨,哈尔滨恒润源商贸有限公司,
黑龙江,哈尔滨,哈尔滨九灵商贸有限公司,
黑龙江,哈尔滨,哈尔滨隆维商贸有限公司,
黑龙江,哈尔滨,哈尔滨尚合源贸易有限公司,
黑龙江,哈尔滨,哈尔滨市道外区阮征食品经销部,
黑龙江,哈尔滨,哈尔滨市松北区润恒农副产品综合大市场顺恒食品经销部,
黑龙江,哈尔滨,哈尔滨市旭翔经贸有限公司,
黑龙江,哈尔滨,哈尔滨物阜商贸有限公司,
黑龙江,哈尔滨,哈尔滨希泽贸易有限公司,
黑龙江,哈尔滨,哈尔滨显尧商贸有限公司,
黑龙江,哈尔滨,哈尔滨亚沃商贸有限公司,
黑龙江,哈尔滨,黑龙江省信合深度供应链管理有限公司,
黑龙江,哈尔滨,尚志市家家乐平价超市,
黑龙江,哈尔滨,绥化市佰事恒兴商贸有限公司,
黑龙江,鹤岗,鹤岗市工农区蜜恋食品厂,
黑龙江,鹤岗,鹤岗市圣邦食品销售有限公司,
黑龙江,鹤岗,庆安县鑫生食品销售有限公司,
黑龙江,鹤岗,铁力市源鑫商贸有限公司,
黑龙江,鹤岗,伊春市明佳食品经销有限公司,
黑龙江,鹤岗,伊春市阳光食品经销有限公司,
黑龙江,鹤岗,伊春市伊春区阳光食品行,
黑龙江,鸡西,宝清县丰闰食品批发部,
黑龙江,鸡西,城子河区鑫益嘉乳制品专营店,
黑龙江,鸡西,虎林市盛泽食品商店,
黑龙江,鸡西,鸡冠区弘德食品经销站,
黑龙江,鸡西,鸡西市鸡冠区开元食品经销站,
黑龙江,鸡西,鸡西市鸡冠区益嘉母婴用品商店,
黑龙江,鸡西,鸡西市易捷商贸有限公司,
黑龙江,鸡西,密山市密山镇森达食品批发商店,
黑龙江,鸡西,七台河市虹源商贸有限公司,
黑龙江,鸡西,七台河市利丰源商贸有限公司,
黑龙江,鸡西,七台河市众诚商贸有限公司,
黑龙江,鸡西,双鸭山金泰源食品经销有限公司,
黑龙江,佳木斯,个人客户吕萍,
黑龙江,佳木斯,桦南县城东鑫佰利超市,
黑龙江,佳木斯,桦南县城西宛鸿食品批发部,
黑龙江,佳木斯,佳木斯宏辉商贸有限公司,
黑龙江,佳木斯,佳木斯嘉思美商贸有限公司,
黑龙江,佳木斯,佳木斯市旺世荣通商贸有限公司,
黑龙江,佳木斯,同江市汇旺食品销售有限公司,
黑龙江,佳木斯,同江市鹏佳食品商店,
黑龙江,佳木斯,同江市晓明食杂店,
黑龙江,牡丹江,东宁县鑫鑫奶站,
黑龙江,牡丹江,海林市新兴奶站,
黑龙江,牡丹江,林口县林口镇德凤食品商店,
黑龙江,牡丹江,林口县林口镇和盛食品商店,
黑龙江,牡丹江,牡丹江市江林商贸有限公司,
黑龙江,牡丹江,牡丹江市江森商贸有限公司,
黑龙江,牡丹江,牡丹江市腾宏商贸有限公司,
黑龙江,牡丹江,穆棱市傲矫龙商贸有限责任公司,
黑龙江,牡丹江,穆棱市八面通镇娟永红食品商店,
黑龙江,牡丹江,穆棱市乐望兴商贸有限公司,
黑龙江,牡丹江,宁安市经纬乳品经销站,
黑龙江,牡丹江,宁安市宁安镇日月成超市,
黑龙江,牡丹江,绥芬河市展旭商贸有限公司,
黑龙江,齐齐哈尔,阿荣旗那吉镇树兵酒水行,
黑龙江,齐齐哈尔,北安市吉通经贸有限公司,
黑龙江,齐齐哈尔,北安市通北镇兴林食品商店,
黑龙江,齐齐哈尔,鄂伦春自治旗大杨树镇成人之美超市,
黑龙江,齐齐哈尔,富裕县北斗副食品商店,
黑龙江,齐齐哈尔,富裕县顺鑫超市,
黑龙江,齐齐哈尔,黑河市龙化经贸有限公司,
黑龙江,齐齐哈尔,黑龙江省光明松鹤乳品有限责任公司,
黑龙江,齐齐哈尔,加格达奇区众合副食商店,
黑龙江,齐齐哈尔,加格达奇区众兴商店,
黑龙江,齐齐哈尔,龙江县好顺隆食品有限公司,
黑龙江,齐齐哈尔,讷河市东联仓买,
黑龙江,齐齐哈尔,嫩江县丽英超市,
黑龙江,齐齐哈尔,嫩江县双迎副食店,
黑龙江,齐齐哈尔,齐齐哈尔品壹品商贸有限公司,
黑龙江,齐齐哈尔,齐齐哈尔市鼎富经贸有限公司,
黑龙江,齐齐哈尔,齐齐哈尔市鹤丰源深度供应链管理有限公司,
黑龙江,齐齐哈尔,泰来县国源食杂店,
黑龙江,齐齐哈尔,铁锋区吉盛酒类经销处,
黑龙江,齐齐哈尔,铁锋区鑫兴酒类批发部,
黑龙江,齐齐哈尔,牙克石市佰斯特副食品销售有限公司,
湖北,恩施,恩施州天和商贸有限责任公司,
湖北,恩施,恩施州天颐商贸有限责任公司,
湖北,恩施,鹤峰县众源副食店,
湖北,恩施,建始县业州镇马超批发部,
湖北,恩施,来凤县宏兴副食部,
湖北,恩施,利川市升荣商贸有限公司,
湖北,恩施,宋亚林,
湖北,恩施,咸丰县谭氏批发分店,
湖北,恩施,宣恩县航盛副食批发部,
湖北,黄冈,个人客户-孙泽兰,
湖北,黄冈,个人客户徐芳,
湖北,黄冈,红安县弘利商贸经营部,
湖北,黄冈,黄冈甜甜商贸有限公司,
湖北,黄冈,罗田县凤山镇曙光便利店,
湖北,黄冈,罗田县鑫光商贸有限责任公司,
湖北,黄冈,麻城市金桥大道开来自选商店,
湖北,黄冈,蕲春县拥振食品商行,
湖北,黄冈,蕲春县志军百汇副食批发部,
湖北,黄冈,浠水县隆源贸易有限责任公司,
湖北,黄冈,英山县发达副食商行,
湖北,黄石,大冶市华旺副食商行,
湖北,黄石,谷城县宝利副食,
湖北,黄石,黄冈安得利商贸有限公司,
湖北,黄石,黄梅县黄梅镇宏发贸易商行,
湖北,黄石,黄梅县黄梅镇老六商行,
湖北,黄石,黄石恒荣商贸有限公司,
湖北,黄石,黄石吉星商贸有限公司,
湖北,黄石,黄石市天吉商贸有限公司,
湖北,黄石,南漳县登云副食百货批发部,
湖北,黄石,武穴市一鸣商行,
湖北,黄石,武穴市志博商贸有限公司,
湖北,黄石,阳新县政法副食,
湖北,荆门,个人客户李莉,
湖北,荆门,湖北多顺商贸有限公司,
湖北,荆门,湖北一元食品有限公司,
湖北,荆门,京山福拓商贸有限公司,
湖北,荆门,京山县清云商贸批发部,
湖北,荆门,京山县宋河镇好运来批发部,
湖北,荆门,荆门市甜蜜世界商贸有限公司,
湖北,荆门,沙洋县刘波勇副食经营部,
湖北,荆门,天门市海量副食,
湖北,荆门,天门市骏丰副食批发部,
湖北,荆门,仙桃市三禾商贸有限公司,
湖北,荆门,钟祥市发大购物广场,
湖北,荆门,钟祥市锦程商行,
湖北,荆州,个人客户周爱菊,
湖北,荆州,公安县恒兴食品有限公司,
湖北,荆州,公安县立信百货有限公司,
湖北,荆州,洪湖市明胜商贸有限公司,
湖北,荆州,洪湖市致心商贸有限公司,
湖北,荆州,湖北俊莹商贸有限公司,
湖北,荆州,监利县容城义门副食店,
湖北,荆州,荆州市金通商贸有限公司,
湖北,荆州,荆州市唯爱商贸有限公司,
湖北,荆州,荆州市裕通商贸有限公司,
湖北,荆州,六安商源物流有限公司,
湖北,荆州,潜江市诚周商贸有限公司,
湖北,荆州,沙市金通副食批发部,
湖北,荆州,松滋市四海友诚商贸有限公司,
湖北,荆州,仙桃市众友商贸有限公司,
湖北,随州,大悟县恒旺贸易商行,
湖北,随州,广水市青春商贸有限公司,
湖北,随州,广水市盛然商贸有限公司,
湖北,随州,湖北近易商贸有限公司,
湖北,随州,随州市添润商贸有限公司,
湖北,武汉,陈刚,
湖北,武汉,崇阳县金华商贸有限公司,
湖北,武汉,汉川橄榄树副食店,
湖北,武汉,汉川市玖隆商贸有限公司,
湖北,武汉,黄陂区横店黄孝和副食经营部,
湖北,武汉,南京金洋商贸有限公司,
湖北,武汉,上海邀请电子商务有限公司武汉分公司,
湖北,武汉,十堰明盛贸易有限公司,
湖北,武汉,随州市曾都区长鑫副食批发部,
湖北,武汉,武汉博新金商贸有限公司,
湖北,武汉,武汉光明乳品有限公司,
湖北,武汉,武汉光明乳业销售有限公司,
湖北,武汉,武汉弘海承风商贸有限公司,
湖北,武汉,武汉吉世特商贸有限公司,
湖北,武汉,武汉九顺达商贸有限公司,
湖北,武汉,武汉六嘉和商贸有限公司,
湖北,武汉,武汉青蒙伟业实业有限责任公司,
湖北,武汉,武汉圣润商贸有限公司,
湖北,武汉,武汉市蔡甸区？山达旺副食店,
湖北,武汉,武汉市迪中欣商贸有限公司,
湖北,武汉,武汉市东西湖华兴商行,
湖北,武汉,武汉市华泰兴安商贸有限公司,
湖北,武汉,武汉市黄陂区盘龙城星伟副食店,
湖北,武汉,武汉市黄陂区千易副食经营部,
湖北,武汉,武汉市嘉仕盛达商贸有限公司,
湖北,武汉,武汉市江岸区牛牛奶站,
湖北,武汉,武汉市江夏区玉英牛奶批发部,
湖北,武汉,武汉市久诚行商贸有限公司,
湖北,武汉,武汉市茂丰祥商贸有限公司,
湖北,武汉,武汉市仁宇轩商贸有限公司,
湖北,武汉,武汉市新洲区阳逻沁芳冷饮批发部,
湖北,武汉,武汉统一商贸发展有限公司,
湖北,武汉,武汉鑫天嘉商贸有限公司,
湖北,武汉,武汉兴航翔商贸有限公司,
湖北,武汉,武汉业长久商贸有限公司,
湖北,武汉,武汉伊特诺商贸有限公司,
湖北,武汉,武汉优泰商储物流有限公司,
湖北,武汉,武汉滋然美商贸有限公司,
湖北,武汉,襄阳市高新区唯康商贸行,
湖北,武汉,枣阳市奥祥商行,
湖北,武汉,中百仓储超市有限公司,
湖北,咸宁,赤壁市思逸副食经营部,
湖北,咸宁,崇阳县金华商贸有限公司,
湖北,咸宁,鄂州市创杰商贸有限公司,
湖北,咸宁,湖北锦丰商贸有限公司,
湖北,咸宁,嘉鱼县宸宸乳制品商行,
湖北,咸宁,通城县光明奶粉配送中心,
湖北,咸宁,通山县依谐副食店,
湖北,咸宁,武汉市康大商贸有限公司通山分公司,
湖北,襄阳,保康县聚源批发,
湖北,襄阳,个人客户李世诚,
湖北,襄阳,个人客户王振云,
湖北,襄阳,谷城县宝利副食,
湖北,襄阳,湖北寿康永乐商贸集团有限公司,
湖北,襄阳,老河口市鸿利源副食经销部,
湖北,襄阳,茅箭区火车站力荣商行,
湖北,襄阳,南漳县登云副食百货批发部,
湖北,襄阳,南漳县家顺鲜奶配送中心,
湖北,襄阳,南漳县臻宸商贸有限公司,
湖北,襄阳,神农架林区松柏镇光明商行,
湖北,襄阳,十堰蒙昌商贸有限公司,
湖北,襄阳,十堰明盛贸易有限公司,
湖北,襄阳,襄阳铎盛源商贸有限公司,
湖北,襄阳,襄阳绿水源商贸有限公司,
湖北,襄阳,襄阳森源天襄商贸有限公司,
湖北,襄阳,襄阳市高新区宏福商行,
湖北,襄阳,襄阳市好邻居连锁超市有限公司,
湖北,襄阳,襄阳市怡亚通深度供应链管理有限公司,
湖北,襄阳,襄阳应江商贸有限公司,
湖北,襄阳,郧西县方青副食批发部,
湖北,襄阳,枣阳市奥祥商行,
湖北,孝感,安陆市方姐鲜奶屋,
湖北,孝感,安陆市金丰商行,
湖北,孝感,个人客户-盛俊桥,
湖北,孝感,个人客户宋明龙,
湖北,孝感,个人客户张圆潮,
湖北,孝感,武汉四海九州商贸有限公司,
湖北,孝感,孝感醉临风商贸有限公司,
湖北,孝感,应城市兄弟啤酒经营部,
湖北,宜昌,当阳市佳信商行,
湖北,宜昌,当阳市玉阳博恒锐商行,
湖北,宜昌,恩施市升东商贸有限公司,
湖北,宜昌,恩施晓姚农夫食品开发有限公司,
湖北,宜昌,湖北圣九隆商贸有限公司,
湖北,宜昌,荆州开发区昌华商行,
湖北,宜昌,潜江市诚周商贸有限公司,
湖北,宜昌,兴山县古夫镇顺鑫商行,
湖北,宜昌,夷陵区小溪塔鑫达酒类商行,
湖北,宜昌,宜昌市庆轩商贸有限公司,
湖北,宜昌,宜昌市伍家岗区合展商行,
湖北,宜昌,宜昌市伍家岗区锐兴商行,
湖北,宜昌,宜昌市新之峰商贸有限公司,
湖北,宜昌,宜昌市夷陵区三斗坪陈公平超市,
湖北,宜昌,宜昌市夷陵区小溪塔好人缘商行,
湖北,宜昌,宜都市陆城丰源商行,
湖北,宜昌,宜都市陆城华钰商行,
湖北,宜昌,远安县鸣凤镇利兴商行,
湖北,宜昌,远安县鸣凤镇壹家人生活超市,
湖北,宜昌,长阳福泰隆商贸有限责任公司,
湖北,宜昌,长阳小飞食品经营部,
湖北,宜昌,枝江市新声代副食商行,
湖北,宜昌,枝江市鑫汇副食商行,
湖南,常德,鼎城区武陵镇顺旺食品批发部,
湖南,常德,汉寿县大润发综合食品批发部,
湖南,常德,临澧县陈家桥王记商店,
湖南,常德,龙山县银珍商行,
湖南,常德,武陵区华兴商店,
湖南,常德,武陵区秀丽食品商行,
湖南,常德,湘西自治州萍林商贸有限公司,
湖南,郴州,郴州市北湖区京华商行,
湖南,郴州,桂东县城关镇兴桂副食批零商行,
湖南,娄底,涟源市光明派派鲜奶店,
湖南,邵阳,辰溪县福满家超市,
湖南,邵阳,洞口县隆鑫综合商行,
湖南,邵阳,衡东县伯树副食商行,
湖南,邵阳,洪江市金惠商行,
湖南,邵阳,怀化家兴商贸有限公司,
湖南,邵阳,怀化市河西旺利副食商行,
湖南,邵阳,怀化鑫星火供应链有限公司,
湖南,邵阳,经济开发区恒斌贸易商行,
湖南,邵阳,靖州县诚翔副食,
湖南,邵阳,冷水江市金诚烟酒经营部,
湖南,邵阳,冷水江市李记烟酒商行,
湖南,邵阳,涟源市盛泰商贸有限公司,
湖南,邵阳,隆回强人配送中心,
湖南,邵阳,娄底市娄星区洪伟商贸行,
湖南,邵阳,邵东县两市镇林发商行,
湖南,邵阳,邵阳市北塔区同得利商行,
湖南,邵阳,邵阳市大祥区康宝母婴用品店,
湖南,邵阳,邵阳市大祥区壹家食品商行,
湖南,邵阳,双峰县新华批发部,
湖南,邵阳,武冈市佳福超市,
湖南,邵阳,新邵县新田铺镇爱婴岛母婴馆,
湖南,湘潭,湘乡市东山办事处开元商行,
湖南,永州,郴州市开发区鸿辉粮油批发部,
湖南,永州,郴州市林春食品经营部,
湖南,永州,道县华剑商行,
湖南,永州,东安县鸿达副食经营部,
湖南,永州,个人客户 陈春石,
湖南,永州,桂阳惠康商业连锁有限责任公司,
湖南,永州,衡东县城关婷婷副食店,
湖南,永州,衡阳市金松酒业有限公司,
湖南,永州,衡阳腾达酒业有限公司,
湖南,永州,嘉禾县红旺商行,
湖南,永州,蓝山县炜翔副食批发部,
湖南,永州,零陵区鸿鹭商行,
湖南,永州,祁阳县兄妹平价商行,
湖南,永州,祁阳县裕丰副食商行,
湖南,永州,汝城县兴永顺商行,
湖南,永州,双牌县和众商行,
湖南,永州,永兴县博文商贸有限公司,
湖南,永州,永州市冷水滩区陈辉实惠果脯批发部,
湖南,永州,永州市冷水滩区建雄副食行,
湖南,永州,永州市冷水滩区建英副食行,
湖南,永州,永州市零陵区新芙蓉副食干果名产店,
湖南,永州,资兴市陈志春综合商行,
湖南,岳阳,华容县港西路李记南杂店,
湖南,岳阳,华容县泽锐商行,
湖南,岳阳,临湘市大市场佳爱商行,
湖南,岳阳,临湘市南冲食杂店,
湖南,岳阳,临湘市荣丰商城,
湖南,岳阳,汨罗市泰鑫南杂店,
湖南,岳阳,平江县利平商行,
湖南,岳阳,平江县文光商行,
湖南,岳阳,桃江县向宏商行,
湖南,岳阳,湘阴县吉盛商贸,
湖南,岳阳,益阳市赫山区宏瑞贸易商行,
湖南,岳阳,沅江市广源商行,
湖南,岳阳,岳阳县步步高商行,
湖南,长沙,步步高商业连锁股份有限公司,
湖南,长沙,湖南光明乳品有限公司,
湖南,长沙,湖南金之津供应链有限公司,
湖南,长沙,湖南空港实业股份有限公司机场商贸分公司,
湖南,长沙,湖南尚鹊商贸有限公司,
湖南,长沙,湖南省久久爱拼商贸有限公司,
湖南,长沙,湖南省新希望商贸有限公司,
湖南,长沙,湖南省胤铭商贸有限公司,
湖南,长沙,湖南省众驰商贸发展有限公司,
湖南,长沙,湖南五旭商贸有限公司,
湖南,长沙,湖南翔冠商贸有限公司,
湖南,长沙,湖南新华源贸易有限公司,
湖南,长沙,湖南优配贸易有限公司,
湖南,长沙,靖州县诚翔副食,
湖南,长沙,浏阳市鑫志诚供应链管理有限公司,
湖南,长沙,望城县景盛贸易商行,
湖南,长沙,长沙诚立本日用百货有限公司,
湖南,长沙,长沙市望城区红旺大市场开达批发部,
湖南,长沙,长沙市岳麓区莫利食品商行,
湖南,长沙,长沙县黄花镇长怡食品商行,
湖南,株洲,安化县铮昊锐轩批发部,
湖南,株洲,湖南怡之顺贸易有限公司,
湖南,株洲,醴陵百灵贸易有限责任公司,
湖南,株洲,湘乡市望春门莎亮商店,
湖南,株洲,攸县灿怡副食批发部,
湖南,株洲,长沙市甘裕酒类贸易有限公司,
湖南,株洲,株洲市石峰区龙兴商行,
湖南,株洲,株洲市石峰区平平商行,
湖南,株洲,株洲市永兴食品有限公司,
吉林,白山,白山市轩源商贸有限责任公司,
吉林,白山,抚松县抚松镇建福食品批发部,
吉林,白山,抚松县松江河聚鑫商店,
吉林,四平,四平市博福莱商贸有限公司,
吉林,松原,大安市十季乳品店,
吉林,松原,扶余市金生食品批发有限公司,
吉林,延边,敦化市金佰利食品经销处,
吉林,延边,珲春禄鑫经贸有限公司,
吉林,延边,集安市薪雨奶站,
吉林,延边,通化市澎坤商贸有限公司,
吉林,延边,延边金泰商贸有限公司,
吉林,延边,延吉市宝强食品批发部,
吉林,延边,延吉市仟册商贸有限公司,
吉林,延边,长白山保护开发区池北白林百货商店,
吉林,长春,吉林福顺批发,
吉林,长春,吉林省茂福商贸有限公司,
吉林,长春,吉林市蒙吉童跃商贸有限公司,
吉林,长春,松原市利兴食品有限责任公司,
吉林,长春,松原市腾？商贸有限公司,
吉林,长春,榆树市建达食品百货批发部,
吉林,长春,榆树市腾骏商贸有限公司,
吉林,长春,长春办事处,
吉林,长春,长春吉广源商贸有限公司,
吉林,长春,长春市搏航商贸有限公司,
吉林,长春,长春市新佳合食品有限公司,
吉林,长春,长春市一龙嘉商贸有限公司,
吉林,长春,长春市云易航经贸有限公司,
吉林,长春,长春兆祺商贸有限公司,
江苏,常州,常州华隆特商贸有限公司,
江苏,常州,常州乐又乐食品有限公司,
江苏,常州,常州市倍智商贸有限公司,
江苏,常州,常州市凌楷商贸有限公司,
江苏,常州,常州市天宁区红梅中冠酒类商行,
江苏,常州,常州市武进区东安镇文中糖烟酒批发部,
江苏,常州,常州市武进区东安镇文中糖烟酒批发部,
江苏,常州,常州鹰之宇商贸有限公司,
江苏,常州,金坛区恒达食品商行,
江苏,常州,金坛区华城腾达副食品经营部,
江苏,常州,金坛市城西大旺副食品商店,
江苏,常州,金坛市城西兴旺副食品店,
江苏,常州,溧阳佳享商贸有限公司,
江苏,常州,溧阳市丽云乐百货有限公司,
江苏,常州,南京光明乳业销售有限公司常州分公司,
江苏,常州,上海光明随心订电子商务有限公司常州分公司,
江苏,常州,天宁区红梅蒙恩食品商行,
江苏,常州,天宁区天宁我思我味食品店,
江苏,常州,武进高新区丰泰食品店,
江苏,常州,武进高新区胤文副食品商行,
江苏,常州,武进高新区胤珍副食品商行,
江苏,常州,武进区潞城诚客副食品商行,
江苏,常州,武进区遥观丰华食品商行,
江苏,常州,宜兴经济技术开发区惠泽食品商行,
江苏,常州,宜兴市谷泰商贸有限公司,
江苏,常州,宜兴市苏萨商贸有限公司,
江苏,常州,宜兴市耀征食品商行,
江苏,常州,宜兴市宜城街道军旭副食店,
江苏,常州,钟楼区五星熊健慧副食品商行,
江苏,淮安,东海县牛山正光食品商行,
江苏,淮安,灌南县新安镇左增波牛奶经销处,
江苏,淮安,洪泽县高良涧镇绿园日杂商店,
江苏,淮安,淮安区城东乡嵇芳芳食品经营部,
江苏,淮安,淮安区淮城镇小娟百货商店,
江苏,淮安,淮安区淮城镇震平百货批发部,
江苏,淮安,淮安市楚州区淮城镇珍珍百货店,
江苏,淮安,淮安市海梦商贸有限公司,
江苏,淮安,淮安市淮阴区王营镇金牌物流百货配送中心,
江苏,淮安,淮安市清河区小纪货物配送中心,
江苏,淮安,淮安同飞贸易有限公司,
江苏,淮安,淮阴区捷宝食品经营部,
江苏,淮安,金湖益格商贸有限公司,
江苏,淮安,涟水县丰发食品经营部,
江苏,淮安,涟水县明荣商店,
江苏,淮安,涟水县日月牛奶商店,
江苏,淮安,上海光明随心订电子商务有限公司淮安分公司,
江苏,淮安,盱眙培民商贸经营部,
江苏,淮安,盱眙润生商贸有限公司,
江苏,连云港,东海县牛山金丰食品经营部,
江苏,连云港,东海县牛山永盈食品经营部,
江苏,连云港,赣榆区青口镇杨佳副食品店,
江苏,连云港,灌南县鼎旺商贸有限公司,
江苏,连云港,灌南县东和盛泰商贸有限公司,
江苏,连云港,灌南县新安镇金跃批发部,
江苏,连云港,灌云县恒源果品超市,
江苏,连云港,灌云县侍庄乡森羽食品经营部,
江苏,连云港,海州区优莫美食品配送经营部,
江苏,连云港,淮安市企丰贸易有限公司,
江苏,连云港,连云港市淇卫贸易有限公司,
江苏,连云港,连云港万瑞贸易有限公司,
江苏,连云港,连云区吉道商贸行,
江苏,南京,高淳县淳溪镇光明超市,
江苏,南京,高淳县淳溪镇双平食品经营部,
江苏,南京,高淳县亚细亚超市有限公司,
江苏,南京,锦江麦德龙现购自运有限公司南京雨花商场,
江苏,南京,南京才能鑫食品有限公司,
江苏,南京,南京财运缘酒水有限公司,
江苏,南京,南京醇酪贸易有限公司,
江苏,南京,南京点击商贸有限公司,
江苏,南京,南京飞芳商贸有限公司,
江苏,南京,南京光明乳品有限公司,
江苏,南京,南京光明乳业销售有限公司,
江苏,南京,南京广惠糖酒食品有限公司,
江苏,南京,南京贵武商贸有限公司,
江苏,南京,南京汉浪工贸有限公司,
江苏,南京,南京乐津食品有限公司,
江苏,南京,南京霖之鹿商贸有限公司,
江苏,南京,南京敏齐华商贸有限公司,
江苏,南京,南京派彩百货销售中心,
江苏,南京,南京如益达贸易有限公司,
江苏,南京,南京市白下区鑫鸿成饮品销售中心,
江苏,南京,南京市高淳区真真食品经营部,
江苏,南京,南京市江宁区红晨食品店,
江苏,南京,南京市江宁区鸣雁商贸中心,
江苏,南京,南京市溧水区东腾食品经营部,
江苏,南京,南京市溧水区腾翔食品经营部,
江苏,南京,南京市溧水区文韬食品经营部,
江苏,南京,南京市六合区涛涛食品销售中心,
江苏,南京,南京市浦口区金智百货店,
江苏,南京,南京市栖霞区桂瑶食品销售中心,
江苏,南京,南京市栖霞区王万平百货店,
江苏,南京,南京市下关区牛端平烟酒店,
江苏,南京,南京宜生堂生物科技有限公司,
江苏,南京,南京银恒食品有限公司,
江苏,南京,南京掌春食品有限公司,
江苏,南京,上海光明随心订电子商务有限公司南京分公司,
江苏,南通,崇川区健豪食品批发部,
江苏,南通,崇川区晟禧食品商行,
江苏,南通,达能食品贸易（中国）有限公司,
江苏,南通,海安宏海食品商行,
江苏,南通,海安宏宇食品商行,
江苏,南通,海安全友食品商行,
江苏,南通,海门市东联食品有限公司,
江苏,南通,海门市海门镇天地源食品商行,
江苏,南通,海门市炜？食品商行,
江苏,南通,南通多吉贸易有限公司,
江苏,南通,南通市崇川区明光食品商行,
江苏,南通,南通市通州区华龙酒业有限公司,
江苏,南通,南通韦杰经贸有限公司,
江苏,南通,启东市汇龙镇明光食品商行,
江苏,南通,启东市嘉爽食品经营部,
江苏,南通,启东市金东福商贸有限公司,
江苏,南通,启东市平华牛奶经营部,
江苏,南通,如东？辉食品批发部,
江苏,南通,如东怀生食品商行,
江苏,南通,如东天福贸易有限公司,
江苏,南通,如东缘福食品经营公司,
江苏,南通,如皋市皋鼎食品批发部,
江苏,南通,如皋市金隆食品批发部,
江苏,南通,上海光明随心订电子商务有限公司南通分公司,
江苏,苏州,常熟市华美园食品销售有限公司,
江苏,苏州,常熟市梁燕酒业销售有限公司,
江苏,苏州,常熟市龙兴农副产品物流有限公司,
江苏,苏州,常熟市支塘镇景盛食品商行,
江苏,苏州,常熟市支塘镇顺风食品商行,
江苏,苏州,常熟市支塘镇鑫盛食品商行,
江苏,苏州,达能食品贸易（中国）有限公司,
江苏,苏州,姑苏区衡润殊贸易商行,
江苏,苏州,昆山市前景商贸有限公司,
江苏,苏州,昆山市玉山镇虹泉食品配销中心,
江苏,苏州,南京光明乳业销售有限公司苏州分公司,
江苏,苏州,南京光明乳业销售有限公司无锡分公司,
江苏,苏州,上海光明随心订电子商务有限公司苏州分公司,
江苏,苏州,上海光明随心订电子商务有限公司苏州分公司,
江苏,苏州,上海捷强烟草糖酒(集团)有限公司(昆山)配销中心,
江苏,苏州,苏州恒枫食品有限公司,
江苏,苏州,苏州恒祥食品有限公司,
江苏,苏州,苏州吉宇润商贸有限公司,
江苏,苏州,苏州佳木佳坤贸易有限公司,
江苏,苏州,苏州奇豪孟李贸易有限公司,
江苏,苏州,苏州市好景来贸易有限公司,
江苏,苏州,苏州市吴中区木渎商城金利达副食品商店,
江苏,苏州,苏州市吴中区天乙商贸有限公司,
江苏,苏州,苏州怡华深度供应链管理有限公司,
江苏,苏州,吴江区平望镇副食品市场风顺食品商行,
江苏,苏州,吴江市平望副食品市场万利食品商行,
江苏,苏州,吴江市平望镇副食品市场名成食品商行,
江苏,苏州,吴中区木渎吉恩食品商行,
江苏,苏州,张家港市杨舍西城金汇食品商行,
江苏,泰州,东台市东台镇路飞食品经营部,
江苏,泰州,东台市东台镇明顺食品商行,
江苏,泰州,东台市小冬食品便利店,
江苏,泰州,高港区祥山副食品商行,
江苏,泰州,海陵区东青食品商行,
江苏,泰州,海陵区明峰食品店,
江苏,泰州,海陵区祥中食品商行,
江苏,泰州,江苏源爱商贸有限公司,
江苏,泰州,姜堰区锋云食品经营部,
江苏,泰州,姜堰区华港镇思淇食品商行,
江苏,泰州,姜堰区华港镇一分利副食品商店,
江苏,泰州,姜堰区康升食品经营部,
江苏,泰州,姜堰区鹏润食品商行,
江苏,泰州,靖江市惠佳食品商行,
江苏,泰州,靖江市嘉鸿食品商行,
江苏,泰州,靖江市明强食品商店,
江苏,泰州,靖江市天泽食品商行,
江苏,泰州,靖江市文兴食品商行,
江苏,泰州,南京光明乳业销售有限公司泰州分公司,
江苏,泰州,上海世纪联华超市发展有限公司,
江苏,泰州,泰兴市鼎顺食品经营部,
江苏,泰州,泰兴市顾翠霞牛奶店,
江苏,泰州,泰兴市浩浩烟酒商行,
江苏,泰州,泰兴市宏光牛奶经营部,
江苏,泰州,泰兴市锦隆食品商行,
江苏,泰州,泰兴市利源食品经营部,
江苏,泰州,泰兴市月兰食品经营部,
江苏,泰州,泰州市浩众贸易有限公司,
江苏,泰州,泰州市名浩贸易有限公司,
江苏,泰州,兴化市富义食品经营部,
江苏,泰州,兴化市广余副食品经营部,
江苏,泰州,兴化市水乡牛奶专卖店（停单）,
江苏,泰州,兴化市誉富食品商贸有限公司,
江苏,泰州,医药高新区福全食品经营部,
江苏,无锡,北塘区特伊旺副食品商行,
江苏,无锡,北塘区永丽睿副食品商行,
江苏,无锡,达能食品贸易（中国）有限公司,
江苏,无锡,江阴洁澄食品有限公司,
江苏,无锡,江阴市澄北嘉禾副食经营部,
江苏,无锡,江阴市谷丰商贸有限公司,
江苏,无锡,江阴市吉诺食品商行,
江苏,无锡,江阴市嘉仕达商贸有限公司(停单),
江苏,无锡,南京光明乳业销售有限公司无锡分公司,
江苏,无锡,南长区宸上辰食品经营部,
江苏,无锡,上海光明随心订电子商务有限公司无锡分公司,
江苏,无锡,无锡东之美食品有限公司,
江苏,无锡,无锡沣之辰食品有限公司,
江苏,无锡,无锡瀚宸商贸有限公司,
江苏,无锡,无锡合兴宸商贸有限公司,
江苏,无锡,无锡壹家美食荟电子商务有限公司,
江苏,无锡,无锡永睿旺商贸有限公司,
江苏,无锡,张家港市创元食杂经营部,
江苏,无锡,张家港市灵海副食品有限公司,
江苏,无锡,张家港市杨舍花园副食品商店,
江苏,宿迁,江苏乐冠食品有限公司,
江苏,宿迁,沭阳盛兴商贸有限公司,
江苏,宿迁,沭阳县沭城纵观便利店,
江苏,宿迁,泗洪县博宇商贸有限公司,
江苏,宿迁,泗洪县世杰商店,
江苏,宿迁,泗阳县德蓝贸易有限公司,
江苏,宿迁,泗阳县好邦贸易有限公司(停单),
江苏,宿迁,泗阳县众兴镇广荣食品经营部,
江苏,宿迁,泗阳县众兴镇悦香食品经营部,
江苏,宿迁,宿迁经济技术开发区畅优食品经营部,
江苏,宿迁,宿迁锐新商贸有限公司,
江苏,宿迁,宿迁市松诚商贸有限公司,
江苏,宿迁,宿迁昕驰贸易有限公司,
江苏,徐州,丰县汇旺商贸有限公司,
江苏,徐州,贾汪区汴塘镇润佳烟酒商店,
江苏,徐州,南京光明乳业销售有限公司徐州分公司,
江苏,徐州,沛县沛城闽盛奶店,
江苏,徐州,邳州市磊鑫食品经营部,
江苏,徐州,邳州泽石商贸有限公司,
江苏,徐州,上海世纪联华超市发展有限公司,
江苏,徐州,睢宁世超商贸有限公司,
江苏,徐州,睢宁县百盛商贸有限责任公司,
江苏,徐州,睢宁县海润食品经营部,
江苏,徐州,睢宁县睢城镇朝阳食品门市,
江苏,徐州,睢宁县睢城镇金桥食品经营部,
江苏,徐州,铜山区福禧百货商店,
江苏,徐州,新沂市华升丰益商贸有限公司,
江苏,徐州,新沂市新安镇乜雪莲商店,
江苏,徐州,新沂市鑫福源商贸有限公司,
江苏,徐州,徐州宝进商贸有限公司,
江苏,徐州,徐州鼎源商贸有限公司,
江苏,徐州,徐州慧达食品有限公司,
江苏,徐州,徐州金源商贸有限公司,
江苏,徐州,徐州鹏瑞糖酒有限公司,
江苏,徐州,徐州石金多商贸有限公司,
江苏,徐州,徐州市福森工贸有限公司,
江苏,徐州,徐州市金嘉旺商贸有限公司,
江苏,徐州,徐州市龙驰服饰有限公司,
江苏,徐州,徐州市帅克商贸有限公司,
江苏,徐州,徐州市旺华商贸有限公司,
江苏,徐州,徐州市众益聚商贸有限公司,
江苏,徐州,徐州旭旺超市有限公司,
江苏,徐州,徐州卓航贸易有限公司,
江苏,盐城,滨海县东坎镇遂红牛奶经营部,
江苏,盐城,滨海县久扬商贸有限公司,
江苏,盐城,大丰三得利机械有限公司,
江苏,盐城,大丰市晓宇食品经营部,
江苏,盐城,阜宁县乳鑫商贸有限公司,
江苏,盐城,阜宁县天益商贸有限公司,
江苏,盐城,建湖县红日食品有限公司,
江苏,盐城,建湖县上冈镇蔡廷銮商店,
江苏,盐城,建湖县众义达商贸有限公司,
江苏,盐城,南京光明乳品销售有限公司盐城分公司,
江苏,盐城,南京光明乳业销售有限公司泰州分公司,
江苏,盐城,射阳县合德镇大昌行食品商行,
江苏,盐城,射阳县合德镇康生缘食品商行,
江苏,盐城,响水县响水镇金虹食品经营部,
江苏,盐城,响水县响水镇金旺达食品经营部,
江苏,盐城,盐城？荣科技有限公司,
江苏,盐城,盐城市津香源贸易有限公司,
江苏,盐城,盐城市康达明商贸有限公司,
江苏,盐城,盐城市亭湖区南洋金晓秀商店,
江苏,盐城,盐城市亭湖区南洋镇孙益芬日用品经营部,
江苏,盐城,盐城市亭湖区普恒食品经营部,
江苏,扬州,宝应夏梅超市,
江苏,扬州,宝应县金王子食品经营部,
江苏,扬州,宝应县连江食品经营部,
江苏,扬州,宝应县润江食品经营部,
江苏,扬州,达能食品贸易（中国）有限公司,
江苏,扬州,高邮市润霞食品商行,
江苏,扬州,高邮市雯舒商贸有限公司,
江苏,扬州,广陵区众扬商贸行,
江苏,扬州,江都区嘉运食品经营部,
江苏,扬州,江都区瑞亿食品经营部,
江苏,扬州,江都区天茂食品经营部,
江苏,扬州,江苏宏信超市连锁股份有限公司,
江苏,扬州,南京光明乳业销售有限公司扬州分公司,
江苏,扬州,上海光明随心订电子商务有限公司扬州分公司,
江苏,扬州,蜀冈-瘦西湖风景名胜区牛？？食品经营部,
江苏,扬州,扬州店达信息技术有限公司,
江苏,扬州,扬州都福食品商贸有限公司,
江苏,扬州,扬州恒隆供应链管理有限公司,
江苏,扬州,扬州市广陵区明飞纸业商行,
江苏,扬州,扬州市广陵区文成副食品商行,
江苏,扬州,扬州市江都区康达食品有限公司,
江苏,扬州,扬州市开发区恒润商贸中心,
江苏,扬州,扬州市开发区家佳福商贸中心,
江苏,扬州,扬州韵诚商贸有限公司,
江苏,扬州,仪征市畅悦食品有限公司,
江苏,镇江,达能食品贸易（中国）有限公司,
江苏,镇江,丹阳惠康乳业有限公司,
江苏,镇江,丹阳市开发区日华日用品商行,
江苏,镇江,丹阳市云阳镇琳记食品商行,
江苏,镇江,金湖旺吉商行,
江苏,镇江,句容市华阳镇别样商店,
江苏,镇江,句容市华阳镇宏程食品经营部,
江苏,镇江,句容市开发区云顶食品经营部（停单）,
江苏,镇江,南京光明乳业销售有限公司淮安分公司,
江苏,镇江,上海光明随心订电子商务有限公司镇江分公司,
江苏,镇江,扬中市三茅镇金顺来商店,
江苏,镇江,扬中市新坝镇敏源食品经营部,
江苏,镇江,张家港可的便利店有限公司,
江苏,镇江,镇江市光明乳品直销中心,
江苏,镇江,镇江市明光食品有限公司,
江苏,镇江,镇江市银丰食品商贸有限公司,
江苏,镇江,镇江新区丁卯远航食品销售部,
江西,抚州,东乡县志武南货商行,
江西,抚州,抚州市海辉贸易有限公司,
江西,抚州,抚州市中意贸易有限公司,
江西,抚州,抚州市众缘贸易有限公司,
江西,抚州,贵溪市鸿源贸易有限公司,
江西,抚州,黎川县潘姐糖果店,
江西,抚州,南丰县彩虹路金龙商行,
江西,抚州,鹰潭市振华商贸有限公司,
江西,抚州,余江县建华食品超市,
江西,吉安,赣县嘉友源商贸行,
江西,吉安,赣州市润辉贸易有限公司,
江西,吉安,赣州市中润贸易有限公司,
江西,吉安,吉安市吉州区鑫顺食品商行,
江西,吉安,吉安县小兰商行,
江西,吉安,井冈山市新城区锦欣批发部,
江西,吉安,灵猫电子商务（赣州）有限公司,
江西,吉安,南康区永诚副食商行,
江西,吉安,泰和县三和商行,
江西,吉安,泰和县营丰商店,
江西,吉安,万安县家盛副食品商行,
江西,吉安,永新县光明牛奶店,
江西,吉安,于都县旺泉副食商行,
江西,景德镇,景德镇德隆商贸有限责任公司,
江西,景德镇,景德镇融盛商贸有限公司,
江西,景德镇,景德镇新锐食品有限公司,
江西,景德镇,乐平市通达批发部,
江西,景德镇,乐平市云飞超市,
江西,景德镇,鄱阳县饶丰华成商行,
江西,景德镇,鄱阳县新亮副食品商行,
江西,景德镇,鄱阳县智云商行,
江西,景德镇,余干县永顺商行,
江西,九江,德安县苹果商行,
江西,九江,都昌县黄亿贸易商行,
江西,九江,江西省美多实业有限公司,
江西,九江,九江市弟兄贸易有限公司,
江西,九江,九江市浔泰商贸有限公司,
江西,九江,彭泽县新华贸易商行,
江西,九江,瑞昌市慕容商贸有限公司,
江西,九江,浔阳区宏业食品贸易商行,
江西,九江,浔阳区欣荣贸易商行,
江西,九江,永修县涂埠镇新城翔龙商行,
江西,南昌,安义县蒙牛奶站,
江西,南昌,贵溪市鸿源贸易有限公司,
江西,南昌,江西嘉德食品有限公司,
江西,南昌,江西金诚营销有限公司,
江西,南昌,进贤县腾达商贸有限公司,
江西,南昌,南昌凹凸供应链管理有限公司,
江西,南昌,南昌经济技术开发区强盛贸易商行,
江西,南昌,南昌林浩贸易有限公司,
江西,南昌,南昌盛博贸易有限公司,
江西,南昌,南昌市鑫隆实业有限公司,
江西,南昌,青山湖区力博食品商行,
江西,南昌,青山湖区米乐家百货超市,
江西,南昌,西湖区丁公路乐豆家食品便利店,
江西,南昌,新建区兄弟副食品批发部,
江西,上饶,德兴市谷泉商贸行,
江西,上饶,鄱阳县和财商贸有限公司,
江西,上饶,铅山县品源商贸有限公司,
江西,上饶,铅山县新昌隆商行,
江西,上饶,上饶市广丰区潘剑辉食品商行,
江西,上饶,上饶市元典贸易有限公司,
江西,上饶,上饶县进宾食品商行,
江西,上饶,婺源县华兴商贸行,
江西,上饶,信州区元典副食品贸易商行,
江西,上饶,弋阳县徐南商行,
江西,上饶,玉山县惠利贸易商行,
江西,新余,分宜县聚鑫源商贸,
江西,新余,丰城市丰裕酒业,
江西,新余,丰城市华文食品商行,
江西,新余,奉新县小郭批发部,
江西,新余,奉新县鑫航食品经营部,
江西,新余,高安市荣盛商行,
江西,新余,高安顺泰商行,
江西,新余,新余市根根商贸有限公司,
江西,新余,渝水区食博汇真有堂副食烟酒商行,
江西,新余,渝水区通济路心蓝海商行,
江西,新余,樟树市昊宇食品有限公司,
江西,宜春,丰城市拉拉卡奇母婴馆,
江西,宜春,芦溪县志成贸易商行,
江西,宜春,萍乡市志起贸易有限公司,
江西,宜春,上高县禹心食品经营部,
江西,宜春,宜春市雨珊贸易有限公司,
江西,宜春,宜丰县康明商行,
江西,宜春,袁州区城西宝贝乐园母婴用品超市,
辽宁,朝阳,大洼县田家镇新方向酒水经销处,
辽宁,朝阳,丹东市锦安商贸有限公司,
辽宁,朝阳,丹东市元宝区恒隆源食品经销处,
辽宁,朝阳,锦州文丽商贸有限公司,
辽宁,朝阳,盘锦世泰商贸有限公司,
辽宁,朝阳,营口百味佳商贸有限公司,
辽宁,朝阳,营口金德粮油食品有限公司,
辽宁,赤峰,鞍山丁当食品销售有限公司,
辽宁,赤峰,赤峰汇丰和商贸有限公司,
辽宁,赤峰,霍林郭勒市双利商贸有限责任公司,
辽宁,赤峰,翁牛特旗桥头镇王海龙商店,
辽宁,赤峰,乌兰浩特市宸乐商贸有限公司,
辽宁,赤峰,岫岩满族自治县城镇双利批发部,
辽宁,大连,大连保税区新百利国际工贸有限公司,
辽宁,大连,大连名星国际贸易有限公司,
辽宁,大连,大连智通诚大商贸有限公司,
辽宁,大连,阜新旭升商贸有限公司,
辽宁,大连,葫芦岛市圣馨商贸有限公司,
辽宁,大连,沈阳光明乳业销售有限公司大连分公司,
辽宁,盘锦,昌图县陈刚奶站,
辽宁,盘锦,抚顺胜钞经贸有限公司,
辽宁,盘锦,桓仁满族自治县古奥醇酒类经销处,
辽宁,盘锦,开原市华信嘉源商贸有限公司,
辽宁,盘锦,沈阳庆福安商贸有限公司,
辽宁,盘锦,沈阳乳业清原辉山奶站,
辽宁,盘锦,新宾满族自治县建新商店,
辽宁,盘锦,新宾满族自治县新宾镇放心奶站,
辽宁,盘锦,新宾满族自治县新宾镇放心奶站,
辽宁,沈阳,本溪市华轩经贸有限责任公司,
辽宁,沈阳,每之购168,
辽宁,沈阳,沈阳光明乳业销售有限公司,
辽宁,沈阳,沈阳金创商贸有限公司,
辽宁,沈阳,沈阳龙图商贸有限公司,
辽宁,沈阳,沈阳能利商贸有限公司,
辽宁,沈阳,沈阳市大东区每兴购超市,
辽宁,沈阳,沈阳市大东区竹光超市,
辽宁,沈阳,沈阳市皇姑区大龙泉酒专卖店,
辽宁,沈阳,沈阳依成商贸有限公司,
内蒙古,赤峰,通辽市鑫越洋商贸有限公司,
内蒙古,呼和浩特,包头市北博商贸有限公司,
内蒙古,呼和浩特,包头市丰强商贸有限公司,
内蒙古,呼和浩特,包头市九原区麻池镇佰辰超市,
内蒙古,呼和浩特,包头市优甫商贸有限公司,
内蒙古,呼和浩特,多伦县好日子批发部,
内蒙古,呼和浩特,鄂尔多斯市东胜区郑鑫商贸有限责任公司,
内蒙古,呼和浩特,丰镇飞龙伊利总经销,
内蒙古,呼和浩特,锡林郭勒盟百兴盛商贸有限公司,
内蒙古,呼和浩特,锡林郭勒盟建星商贸有限公司,
内蒙古,呼和浩特,准格尔旗兰迪食品配送中心,
内蒙古,内蒙古,内蒙古弘昌商贸有限公司,
宁夏,兰州,白银市平川区银银金汇源经销部,
宁夏,银川,阿拉善左旗巴彦浩特镇老一方副食批发配送商行,
宁夏,银川,巴彦淖尔市临河区龙升食品经营部,
宁夏,银川,磴口县亨通批零商行,
宁夏,银川,宁夏丰益轩商贸有限公司,
宁夏,银川,宁夏双马恒通商贸有限公司,
宁夏,银川,银川传旗商贸有限公司,
宁夏,银川,银川福润美食品有限公司,
宁夏,银川,银川福星河商贸有限公司,
宁夏,银川,银川新华百货连锁超市有限公司,
青海,青海,玛沁毛州园配送中心,
青海,西宁,格尔木青叶商行,
青海,西宁,金川区南京路海宏经营部,
青海,西宁,武威一品商贸有限责任公司,
青海,西宁,西宁城西区博利达食品店,
青海,西宁,西宁国运物流有限责任公司,
青海,西宁,玉树县兴隆食品批发超市,
青海,西宁,张掖市鑫汇商贸有限责任公司,
山东,德州,德州缤力食品有限公司,
山东,德州,德州杰祥食品有限公司,
山东,德州,德州经济开发区远亨乳品经营部（停单）,
山东,德州,德州鲁蒙商贸有限公司,
山东,德州,德州市以马内利商贸有限公司,
山东,德州,德州优嘉商贸有限公司,
山东,德州,光明乳业(德州)有限公司,
山东,德州,乐陵市寨头堡琪琪烟酒肉食超市,
山东,德州,乐陵亚设商贸有限公司,
山东,德州,临邑世荣商贸有限公司,
山东,德州,陵县睿诚商贸有限公司,
山东,德州,平原县子雯副食批发部,
山东,德州,齐河县五洲酒水商行,
山东,德州,齐河县裕新丰商贸有限公司,
山东,德州,庆云县向阳奶行,
山东,德州,武城县城区永涛副食批发部,
山东,德州,兖州市雪影超市,
山东,德州,禹城市恒瑞副食商贸中心,
山东,德州,禹城市龙凤副食品有限公司,
山东,德州,禹城市市中办鸿兴副食批发部,
山东,东营,东营刘氏酒水有限公司,
山东,东营,东营市丰阳商贸有限公司,
山东,东营,东营市海磊商贸有限公司,
山东,东营,东营市华业商贸有限责任公司,
山东,东营,东营市吉平商贸有限公司,
山东,东营,东营市瑞昂商贸有限公司,
山东,东营,东营市同辉商贸有限公司,
山东,东营,东营市宪田商贸有限公司,
山东,东营,东营市盈茗商贸有限公司,
山东,东营,广饶康荣商贸有限公司,
山东,东营,广饶明旺商贸有限公司,
山东,东营,广饶县昊天商贸有限公司,
山东,东营,河口区仙河镇吉祥酒水商行,
山东,东营,垦利县垦利街道办华英副食批发部,
山东,东营,利津县健民酒水,
山东,菏泽,曹县铭之诺食品贸易有限公司,
山东,菏泽,曹县磐石办事处福美酒水店,
山东,菏泽,成武县博航商贸中心,
山东,菏泽,成武县副食品公司第八批发部,
山东,菏泽,单县长久酒水经销部,
山东,菏泽,东明天汇商贸有限公司,
山东,菏泽,东明一杯奶食品销售有限公司,
山东,菏泽,菏泽开发区天茂食品有限公司,
山东,菏泽,菏泽市定陶区华运副食商行,
山东,菏泽,菏泽市牡丹区谢豪副食商行,
山东,菏泽,菏泽同发网络科技有限公司,
山东,菏泽,巨野汇鑫商贸有限公司,
山东,菏泽,鄄城县欣和顺酒水门市部,
山东,菏泽,鄄城县兴睿食品有限公司,
山东,菏泽,山东鑫金食品有限公司,
山东,菏泽,郓城县福臻商贸有限公司,
山东,济南,博兴县永旺副食批发部,
山东,济南,济南飞乐贸易有限公司,
山东,济南,济南光明乳业销售有限公司,
山东,济南,济南金煦商贸有限公司,
山东,济南,济南雷航商贸有限公司,
山东,济南,济南鲁盛天宜贸易有限公司,
山东,济南,济南顺多谦经贸有限公司,
山东,济南,济南岫贤商贸有限公司,
山东,济南,济南泽德商贸有限公司,
山东,济南,济南真顺商贸有限公司,
山东,济南,山东金？商贸有限公司,
山东,济南,山东三鼎商贸有限公司,
山东,济南,山东银洋商贸有限公司,
山东,济南,商河县金旺商贸有限公司,
山东,济南,上海邀请电子商务有限公司济南分公司,
山东,济南,深圳市怡亚通供应链股份有限公司山东分公司,
山东,济南,章丘市绣惠新玲商店（无收货章）,
山东,济宁,济宁博厚经贸有限公司,
山东,济宁,济宁福瑞达经贸有限公司,
山东,济宁,济宁福瑞达经贸有限公司,
山东,济宁,济宁翰誉经贸有限公司,
山东,济宁,济宁市粉玲商贸有限责任公司,
山东,济宁,济宁市名业商贸有限公司,
山东,济宁,济宁市兖州区雪梅乳品超市,
山东,济宁,济宁市兖州区佑祥经贸有限公司,
山东,济宁,济宁鑫万福商贸有限公司,
山东,济宁,嘉祥县城区汇利丰批发部,
山东,济宁,金乡县金乡街道孔文副食部,
山东,济宁,金乡县金乡街道振磊副食部,
山东,济宁,金乡县林源商贸有限公司,
山东,济宁,梁山龙兴商贸有限公司,
山东,济宁,梁山鹏翔商贸有限公司,
山东,济宁,梁山鑫鑫商贸有限公司,
山东,济宁,曲阜市伟佳商贸有限公司,
山东,济宁,山东曲阜兴业发展商贸有限公司,
山东,济宁,泗水县济河办恒通食品百货批发部,
山东,济宁,微山县润波贸易有限公司,
山东,济宁,鱼台县奥博副食批发部,
山东,济宁,邹城市鑫帝商贸有限公司,
山东,莱芜,莱芜市文诚商贸有限公司,
山东,聊城,茌平县昌盛源副食批发部,
山东,聊城,茌平县老丁副食批发部,
山东,聊城,冠县百川商行,
山东,聊城,冠县鑫国副食部,
山东,聊城,聊城华盛商贸有限公司,
山东,聊城,聊城市东昌府区恒跃副食批发部,
山东,聊城,聊城市东昌府区众诚食品饮料销售中心,
山东,聊城,聊城市华天商贸有限公司,
山东,聊城,临清市新华路勇杰乳品配送中心,
山东,聊城,莘县志达商贸有限公司,
山东,临沂,费县费城镇雨润商店,
山东,临沂,济南光明乳业销售有限公司,
山东,临沂,莒南县国豪批发部,
山东,临沂,兰陵县庆鹏商行,
山东,临沂,兰陵县众康商行,
山东,临沂,临沂必成食品有限公司,
山东,临沂,临沂经济技术开发区笑笑超市,
山东,临沂,临沂市兰山区福旺商贸有限公司,
山东,临沂,临沂市兰山区牧思源食品配送中心,
山东,临沂,临沂市兰山区青麦预包装食品商行,
山东,临沂,临沂市兰山区顺豪百货配送中心,
山东,临沂,临沂市兰山区孙善珊酒行,
山东,临沂,临沂泰海华芳商贸有限公司,
山东,临沂,临沂天一乾润商贸有限公司,
山东,临沂,临沂裕丰商贸有限公司,
山东,临沂,蒙阴县鸿升行百货商店,
山东,临沂,平邑县润蒙副食经营部,
山东,临沂,山东中盈食品有限公司,
山东,临沂,郯城县林康食品经营部,
山东,临沂,郯城县子康副食流动经营部,
山东,临沂,沂水县玉群食品批发部,
山东,青岛,黄岛区草原香牛奶批发部,
山东,青岛,济南光明乳业销售有限公司青岛分公司,
山东,青岛,青岛宝山人家生态农业有限公司,
山东,青岛,青岛合维琪商贸有限公司,
山东,青岛,青岛恒宜祥物流有限公司,
山东,青岛,青岛汇丰桃源食品有限公司,
山东,青岛,青岛健康乐商贸有限公司,
山东,青岛,青岛金福优商贸有限公司,
山东,青岛,青岛开开加食品有限公司,
山东,青岛,青岛良诚利元商贸有限公司,
山东,青岛,青岛龙洲酒业有限公司,
山东,青岛,青岛市正鑫阳食品有限公司,
山东,青岛,青岛万事鑫商贸有限公司,
山东,青岛,青岛维友商贸有限公司,
山东,青岛,青岛怡凯盛供应链有限公司,
山东,青岛,青岛易元宏雷商贸有限公司,
山东,青岛,青岛众义合商贸有限公司,
山东,日照,济南光明乳业销售有限公司青岛分公司,
山东,日照,莒县果庄晓云批发部,
山东,日照,莒县兆良综合批发部,
山东,日照,日照圣易德诚商贸有限公司,
山东,日照,日照市东港区远见商贸有限公司,
山东,日照,日照市发光商贸有限公司,
山东,日照,日照市勇？商贸有限公司,
山东,日照,山东众兴利华供应链有限公司,
山东,泰安,东平斌鑫百货有限公司,
山东,泰安,肥城市洪康油脂有限公司,
山东,泰安,肥城市茗盛园茶行,
山东,泰安,肥城市千益商贸有限公司,
山东,泰安,宁阳县常兴商贸中心,
山东,泰安,泰安市银诺商贸有限公司,
山东,泰安,泰安新货郎经贸有限公司,
山东,泰安,新泰市金福来食品有限公司,
山东,泰安,新泰市新汶赵万宝乳业商行,
山东,威海,山东恒发肉食品有限公司,
山东,威海,上海光明邀请电子商务有限公司烟台分公司,
山东,威海,烟台顺祺食品有限公司,
山东,潍坊,昌邑市彦方商贸有限公司,
山东,潍坊,临朐安德商贸有限公司,
山东,潍坊,临朐汇洋电子经营部,
山东,潍坊,临朐县同昶商贸有限公司,
山东,潍坊,寿光市爱梅副食批发部,
山东,潍坊,寿光市昊润食品有限公司,
山东,潍坊,潍坊博迪商贸有限公司,
山东,潍坊,潍坊寒露商贸有限公司,
山东,潍坊,潍坊华帆经贸有限公司,
山东,潍坊,诸城市国爱食品经营部,
山东,烟台,海阳市新光商贸有限公司,
山东,烟台,莱州市沙河镇凯秀商行,
山东,烟台,牟平区佳丰商行,
山东,烟台,牟平区玉林店镇爱军商店,
山东,烟台,栖霞林田商贸有限公司,
山东,烟台,上海光明邀请电子商务有限公司烟台分公司,
山东,烟台,威海伟珏贸易有限公司,
山东,烟台,烟台齐畅供应链管理有限公司,
山东,烟台,烟台神明商贸有限公司,
山东,烟台,烟台市俊辰食品有限公司,
山东,烟台,招远市供销社农家乐配送中心,
山东,烟台,招远市万霖商贸有限公司,
山东,枣庄,滕州市北辛百盛副食批发部,
山东,枣庄,滕州市北辛志丰酒水商行,
山东,枣庄,滕州市恒尔康商贸有限公司,
山东,枣庄,滕州市佳恒副食饮料配送中心,
山东,枣庄,枣庄高新区昕悦超市,
山东,枣庄,枣庄市佳源商贸有限公司,
山东,淄博,滨州市沾化区小唤副食批发部,
山东,淄博,博山开发区宝源食品经营部,
山东,淄博,博兴县光明酸牛奶配送中心,
山东,淄博,博兴县五康商贸有限公司,
山东,淄博,东营区兴国百货商行,
山东,淄博,高青佳劲食品超市,
山东,淄博,桓台县光明润土商贸有限公司,
山东,淄博,山东惠民宏基酒业有限公司,
山东,淄博,山东南客食品销售有限公司,
山东,淄博,山东省阳信信华商贸有限公司,
山东,淄博,山东沂源乐万家酒业食品有限公司,
山东,淄博,无棣县惠特食品销售中心,
山东,淄博,张店？霖酒水经营部,
山东,淄博,张店弘顺福副食商行,
山东,淄博,淄博慈旭商贸有限公司,
山东,淄博,淄博东盛窑业有限公司,
山东,淄博,淄博兰天商贸有限公司,
山东,淄博,淄博烨淼商贸有限公司,
山东,淄博,淄博振瀚农业发展有限公司,
山西,大同,大同市琛扬贸易有限公司,
山西,大同,大同市城区喜洋洋冷饮经销部,
山西,大同,大同市城区轩和商贸有限责任公司,
山西,大同,大同市济子峰商贸有限公司,
山西,大同,大同市南郊区光大华食品经销部,
山西,大同,大同市南郊区祥鸿商贸中心,
山西,大同,大同市润源商贸有限责任公司,
山西,大同,怀来县沙城乳业有限责任公司,
山西,大同,灵丘县建新商店,
山西,大同,灵丘县支珊商贸中心,
山西,大同,天镇县玉泉镇海利奶站,
山西,大同,蔚县蔚州镇京蔚乳品经销部,
山西,大同,阳高县方达商店,
山西,大同,张家口汇百瑞食品销售有限公司,
山西,大同,张家口健腾商贸有限公司,
山西,大同,张家口圣乐商贸有限责任公司,
山西,晋城,浮山县遂源批发部,
山西,晋城,晋城市城区晋升饮料副食批发部,
山西,晋城,晋城市喜得瑞商贸有限公司,
山西,晋城,陵川县新亿客隆商贸百货经销部,
山西,晋城,沁水县龙港镇惠鑫物流配送部,
山西,晋城,阳城县凤城宏军批发部,
山西,晋中,汾阳市德恒源烟酒商行,
山西,晋中,霍州市顺达烟酒副食销售中心,
山西,晋中,介休市城区春明副食部,
山西,晋中,介休市三江商贸有限公司,
山西,晋中,晋中市？？商贸有限公司,
山西,晋中,晋中市榆次区丰茂食品经销部,
山西,晋中,岚县郭玉春副食批发部,
山西,晋中,灵石县宝恒源商贸有限公司,
山西,晋中,灵石县通宇超市（有限公司）,
山西,晋中,灵石县永琼贸易有限公司,
山西,晋中,吕梁市离石区马志凌副食批发部,
山西,晋中,祁县全荣副食批发部,
山西,晋中,山西道禾商贸有限公司,
山西,晋中,山西晋众联商贸有限公司,
山西,晋中,寿阳县宇辰商贸有限公司,
山西,晋中,太谷县开源冷饮店,
山西,晋中,太谷县开源桥二小水果世界,
山西,晋中,文水县大陵街锦华副食商店,
山西,晋中,昔阳县韩培绿商贸有限公司,
山西,晋中,孝义市丰晋商贸有限责任公司,
山西,临汾,古县丹凤路诚信综合批发部,
山西,临汾,洪洞县辛村乡辛南村泽峰副食部,
山西,临汾,侯马经济开发区许礼副食经销部,
山西,临汾,侯马经济开发区众康贸易有限公司,
山西,临汾,临汾博大诚商贸有限公司,
山西,临汾,临汾市好润发食品有限公司,
山西,临汾,蒲县蒲城德和副食经销部,
山西,临汾,山西福睿和商贸有限公司,
山西,临汾,翼城县鹏程佳业副食商行,
山西,临汾,翼城县史强烟酒副食店,
山西,太原,北京光明健康乳业销售有限公司,
山西,太原,古交市义学路康达冷饮服务部,
山西,太原,娄烦县峰雨便利店,
山西,太原,清徐县媛媛乳制品经销部,
山西,太原,山西德兴魁商贸有限公司,
山西,太原,山西吉隆斯商贸股份有限公司,
山西,太原,山西美惠佳德商贸有限公司,
山西,太原,山西省太原唐久超市有限公司,
山西,太原,山西义达贸易有限公司,
山西,太原,上海商渠科技有限公司,
山西,太原,太原蒙原商贸有限公司,
山西,太原,太原市金立诚腾飞商贸有限公司,
山西,太原,太原市盛世轩海商贸有限公司,
山西,太原,太原市中远翔贸易有限公司,
山西,太原,太原市众创天一商贸有限公司,
山西,忻州,保德味美香食品商城,
山西,忻州,代县银锁烟酒门市部,
山西,忻州,定襄县光明乳品商店,
山西,忻州,河曲县根柱牛奶批零门市,
山西,忻州,怀仁县弘康糖酒副食批发部,
山西,忻州,静乐县宝恒物流有限公司,
山西,忻州,岢岚县晋芳超市,
山西,忻州,偏关县聚龙副食批发部,
山西,忻州,山西泽盛翔科贸有限公司,
山西,忻州,神池县华正贸易有限责任公司,
山西,忻州,朔州市博世商贸有限公司,
山西,忻州,朔州市顺昌源商贸有限公司,
山西,忻州,朔州市鑫中欣商贸有限公司,
山西,忻州,五寨县林祥批发部,
山西,忻州,忻州市忻府区聚兴商贸有限公司,
山西,忻州,忻州市毅利商贸有限公司,
山西,忻州,阳泉市康源顺食品销售有限公司,
山西,忻州,阳泉市三友贸易有限公司,
山西,忻州,盂县佰得通食品有限公司,
山西,忻州,原平市原平宏德副食商行,
山西,运城,河津市城东文武饮料批发部,
山西,运城,洪洞县县城玉峰路荣芳副食部,
山西,运城,稷山县稷峰江江副食批发部,
山西,运城,临猗县西城嘉懿副食商行,
山西,运城,平陆县城镇雅淇副食批零部,
山西,运城,山西和谷商贸有限公司,
山西,运城,万荣县城镇引变副食批发部,
山西,运城,闻喜县郭家庄国强日用品便民店,
山西,运城,闻喜县郭家庄国文批发部,
山西,运城,乡宁县金元贸易有限责任公司,
山西,运城,襄汾县新城德益副食批发部,
山西,运城,永济市泰标商贸有限公司,
山西,运城,垣曲县新城强丽牛宜家奶行,
山西,运城,运城经济开发区千义弘商贸有限公司,
山西,运城,运城市盐湖区北城金浩食品商行,
山西,运城,运城市盐湖区东城阿拉丁副食商行,
山西,长治,高平市晨瑞副食门市部,
山西,长治,高平市龙渠村金万元副食批发部,
山西,长治,和顺县？和商行,
山西,长治,和顺县鑫楠食品批发超市,
山西,长治,壶关县建华商贸有限公司,
山西,长治,黎城县上遥漳南综合门市,
山西,长治,潞城市欣欣副食铺,
山西,长治,沁县南里杜泉副食店,
山西,长治,沁源县沁河镇雁沁名烟名酒大世界,
山西,长治,山西福盈百汇商贸有限公司,
山西,长治,屯留县常村矿区鑫源批发部,
山西,长治,武进高新区欣悦副食品经营部,
山西,长治,武乡县鹏飞牧村纯奶配送中心,
山西,长治,武乡县天鑫购物中心,
山西,长治,襄垣县候堡炫乐商店,
山西,长治,榆社县金汇超市,
山西,长治,长治市城区诚汇商贸行,
山西,长治,长治市城区雅鑫副食经销部,
山西,长治,长治市富鑫商贸有限公司,
山西,长治,长治市聚佳商贸有限公司,
山西,长治,长治市仁和顺商贸有限公司,
山西,长治,长治市旺和科贸有限公司,
山西,长治,长治市鑫俊星商贸有限公司,
山西,长治,长治县城鼎盛烟酒门市部,
山西,长治,长治县城太行烟酒食品门市部,
山西,长治,长治县润嘉商贸有限公司,
山西,长治,长子县鲍店吉祥乳品批发部,
山西,长治,长子县东田良泽芳商店,
山西,长治,左权县常青食品有限责任公司,
陕西,汉中,安康市百惠商务有限公司,
陕西,汉中,安康市汉滨区吉河镇意飞商行,
陕西,汉中,安康市铭诚商贸有限公司,
陕西,汉中,宝鸡市陈仓区车站旺旺商行,
陕西,汉中,城固县百佳商贸有限责任公司,
陕西,汉中,城固县三江食品经营部,
陕西,汉中,汉中市汉台区宏桥商贸有限公司,
陕西,汉中,汉中新纪元商贸有限责任公司,
陕西,汉中,金鑫批零部,
陕西,汉中,略阳县青云商行,
陕西,汉中,宁强县诚德超市,
陕西,汉中,宁强县福星来商贸综合经营部,
陕西,汉中,宁强县裕丰综合经营部,
陕西,汉中,陕西隆地实业有限公司陕飞南区超市,
陕西,汉中,旬阳县新民经营部,
陕西,渭南,宝鸡市艾森工贸有限公司,
陕西,渭南,澄城县诚辉商行,
陕西,渭南,大荔县杜燕凌瑞名烟名酒,
陕西,渭南,定边县源佳商行,
陕西,渭南,凤翔县西大街一博商行,
陕西,渭南,富平县昊丰瑞商行,
陕西,渭南,富平县家电摩托王国销售有限责任公司,
陕西,渭南,韩城市鸿升商贸有限责任公司,
陕西,渭南,合阳县汇博超市,
陕西,渭南,华县泰恒商贸中心,
陕西,渭南,华阴市运迪乳品配送中心,
陕西,渭南,黄陵县阳阳商贸有限公司,
陕西,渭南,佳县绿源门市,
陕西,渭南,靖边县联富商贸有限公司,
陕西,渭南,三原东环惠媛商行,
陕西,渭南,商洛市恒润商贸有限公司,
陕西,渭南,神木县方兴副食店,
陕西,渭南,铜川市王益区礼淳食品商行,
陕西,渭南,渭南经开区龙背宏伟食品商行,
陕西,渭南,渭南市大魏商贸有限公司,
陕西,渭南,咸阳艾迪菲尔商贸有限公司,
陕西,渭南,榆林市音素商贸有限公司,
陕西,西安,宝鸡市渭滨区毅诚商贸行,
陕西,西安,达能食品贸易（中国）有限公司,
陕西,西安,高陵县雷钰乳制品经销部,
陕西,西安,泾阳县安礼乳品销售中心,
陕西,西安,陕西锐翔商贸有限责任公司,
陕西,西安,陕西天天向上商贸有限公司,
陕西,西安,陕西天乙泉商贸有限公司,
陕西,西安,上海光明邀请电子商务有限公司西安分公司,
陕西,西安,西安大盖子商贸有限公司,
陕西,西安,西安樊？商贸有限公司,
陕西,西安,西安光明乳业销售有限公司,
陕西,西安,西安江博商贸有限公司,
陕西,西安,西安市？灞生态区邱天食品有限公司,
陕西,西安,西安市灞桥区新康佳奶站,
陕西,西安,西安市碑林区好健康乳品经销部,
陕西,西安,西安市临潼区吊庄惠远超市,
陕西,西安,西安市未央区福旺食品经营部(停单),
陕西,西安,西安市阎良区红旗便民超市,
陕西,西安,西安市长安区天之蓝批发部,
陕西,西安,西安镇聪商贸有限公司,
陕西,西安,镇安县安利德福批发部,
陕西,咸阳,光明乳业(泾阳)有限公司,
陕西,咸阳,三原康康综合商店,
陕西,咸阳,咸阳安礼食品有限公司,
陕西,延安,富县盛泰经销部,
上海,上海,UHT特渠（培儿贝瑞）销售部,
上海,上海,诚天祥和（北京）商贸有限公司,
上海,上海,崇安区欢畅食品商行,
上海,上海,东阳市东安蔬菜配送有限公司,
上海,上海,光明乳业股份有限公司（学生奶）,
上海,上海,杭州萧山北干卫达食品商行,
上海,上海,湖州新金彩食品有限公司,
上海,上海,华夏国泰国际控股有限公司,
上海,上海,霍山县古德商行,
上海,上海,急行君（上海）实业发展有限责任公司,
上海,上海,急行君（上海）实业发展有限责任公司,
上海,上海,嘉兴市经开青函副食品商行,
上海,上海,开发区莫斯食品经营部,
上海,上海,康美药业股份有限公司,
上海,上海,龙泉汇利商贸有限公司,
上海,上海,南通瑞阳食品有限公司,
上海,上海,南通瑞阳食品有限公司,
上海,上海,南通欣智东升食品有限公司,
上海,上海,青浦镇清风商行,
上海,上海,青浦镇清风商行,
上海,上海,衢州市衢江区安燕食品商行,
上海,上海,人在旅途（北京）商贸有限公司,
上海,上海,如东县凯旋食品商行,
上海,上海,上海？毅食品贸易有限公司,
上海,上海,上海爱森食品销售有限公司(停单),
上海,上海,上海保丽实业有限公司,
上海,上海,上海初静食品有限公司,
上海,上海,上海初静食品有限公司,
上海,上海,上海川田锦农业科技发展有限公司,
上海,上海,上海椿沐商贸有限公司,
上海,上海,上海淳萱商贸有限公司,
上海,上海,上海大场环境卫生服务有限公司,
上海,上海,上海德珍贸易有限公司,
上海,上海,上海德珍贸易有限公司,
上海,上海,上海鼎铸实业有限公司,
上海,上海,上海鼎铸实业有限公司,
上海,上海,上海盖安贸易有限公司,
上海,上海,上海光明奶酪黄油有限公司,
上海,上海,上海光明随心订电子商务有限公司,
上海,上海,上海海博供应链管理有限公司,
上海,上海,上海华纳风格大酒店管理有限公司(停单),
上海,上海,上海华纳时尚大酒店有限公司(停单),
上海,上海,上海华铁旅客服务有限公司,
上海,上海,上海吉帅贸易有限公司,
上海,上海,上海吉帅贸易有限公司,
上海,上海,上海建携贸易有限公司,
上海,上海,上海建携贸易有限公司,
上海,上海,上海杰隆酒业有限公司,
上海,上海,上海杰隆酒业有限公司,
上海,上海,上海金客食品有限公司,
上海,上海,上海金客食品有限公司,
上海,上海,上海金像食品有限公司,
上海,上海,上海锦江饭店有限公司,
上海,上海,上海巨米文化传媒有限公司,
上海,上海,上海君婷食品有限公司(停单),
上海,上海,上海君婷食品有限公司(停单),
上海,上海,上海君羊食品有限公司,
上海,上海,上海君羊食品有限公司,
上海,上海,上海康美医药咨询有限公司,
上海,上海,上海康美医药咨询有限公司,
上海,上海,上海昆卡国际贸易有限公司,
上海,上海,上海来伊份股份有限公司,
上海,上海,上海兰锐贸易有限公司,
上海,上海,上海黎宸商贸有限公司,
上海,上海,上海黎宸商贸有限公司,
上海,上海,上海黎铭贸易商行,
上海,上海,上海黎铭贸易商行,
上海,上海,上海联快商贸有限公司,
上海,上海,上海良友军粮供应站,
上海,上海,上海良友军粮供应站,
上海,上海,上海亮灏贸易有限公司,
上海,上海,上海亮灏贸易有限公司,
上海,上海,上海临鲁贸易有限公司,
上海,上海,上海泺洋贸易有限公司(停单),
上海,上海,上海绿捷实业发展有限公司,
上海,上海,上海茂隆粮油有限公司,
上海,上海,上海淼欣食品有限公司,
上海,上海,上海闵荣食品有限公司,
上海,上海,上海闵荣食品有限公司,
上海,上海,上海能克工贸有限公司,
上海,上海,上海能克工贸有限公司,
上海,上海,上海念初贸易有限公司,
上海,上海,上海念初贸易有限公司,
上海,上海,上海牛奶棚食品有限公司,
上海,上海,上海牛奶棚食品有限公司,
上海,上海,上海盼胖贸易有限公司,
上海,上海,上海浦东金谊物资贸易有限公司,
上海,上海,上海浦东金谊物资贸易有限公司,
上海,上海,上海千萌电子商务有限公司,
上海,上海,上海千萌电子商务有限公司,
上海,上海,上海清美绿色食品有限公司(停单),
上海,上海,上海瑞乐生物科技有限公司,
上海,上海,上海瑞那食品有限公司,
上海,上海,上海三仁企业发展有限公司,
上海,上海,上海商渠科技有限公司,
上海,上海,上海尚玺投资管理有限公司,
上海,上海,上海申虎食品有限公司,
上海,上海,上海市宝山区茂怀食品经营部,
上海,上海,上海市宝山区茂怀食品经营部,
上海,上海,上海市宝山区永正综合经营部,
上海,上海,上海市宝山区永正综合经营部,
上海,上海,上海市崇明县嘉宇食品经营部,
上海,上海,上海市金山区枫泾镇四季香批发部,
上海,上海,上海市金山区枫泾镇四季香批发部,
上海,上海,上海市闵行区千度食品店,
上海,上海,上海市闵行区千度食品店,
上海,上海,上海市浦东新区高桥镇速盛食品经营部,
上海,上海,上海市浦东新区高桥镇速盛食品经营部,
上海,上海,上海市浦东新区航头镇孝爱乳制品经营部,
上海,上海,上海市浦东新区航头镇孝爱乳制品经营部,
上海,上海,上海市浦东新区惠南镇天添南北货食品商行,
上海,上海,上海市浦东新区惠南镇天添南北货食品商行,
上海,上海,上海市青浦区华新镇恒茂食品经营部,
上海,上海,上海市青浦区华新镇恒茂食品经营部,
上海,上海,上海市松江区泗泾镇古浪饮料经营部,
上海,上海,上海市松江区泗泾镇古浪饮料经营部,
上海,上海,上海市松江区泗泾镇裕汇食品经营部,
上海,上海,上海市松江区泗泾镇裕汇食品经营部,
上海,上海,上海市松江区序银食品经营部,
上海,上海,上海市松江区序银食品经营部,
上海,上海,上海市松江区岳阳街道东满食品经营部,
上海,上海,上海舒杭茂工贸有限公司,
上海,上海,上海舒耀贸易有限公司,
上海,上海,上海舒耀贸易有限公司,
上海,上海,上海泗同商贸有限公司,
上海,上海,上海泗同商贸有限公司,
上海,上海,上海腾远企业发展有限公司,
上海,上海,上海通林商贸有限公司,
上海,上海,上海通林商贸有限公司,
上海,上海,上海桐岩实业有限公司,
上海,上海,上海桐岩实业有限公司,
上海,上海,上海菀彩商贸有限公司,
上海,上海,上海伟萍食品有限公司,
上海,上海,上海伟萍食品有限公司,
上海,上海,上海味群商贸有限公司,
上海,上海,上海味群商贸有限公司,
上海,上海,上海新上铁实业发展集团有限公司,
上海,上海,上海新上铁实业发展集团有限公司,
上海,上海,上海兴笙贸易有限公司,
上海,上海,上海兴笙贸易有限公司,
上海,上海,上海烨然贸易有限公司,
上海,上海,上海烨然贸易有限公司,
上海,上海,上海怡亚通瑞徽供应链管理有限公司,
上海,上海,上海颐美酒店管理有限公司(停单),
上海,上海,上海懿科贸易有限公司,
上海,上海,上海懿科贸易有限公司,
上海,上海,上海樱铭贸易有限公司,
上海,上海,上海樱铭贸易有限公司,
上海,上海,上海永珍贸易有限公司,
上海,上海,上海永珍贸易有限公司,
上海,上海,上海雨飞商贸经营部,
上海,上海,上海玉航商贸有限公司,
上海,上海,上海远旭贸易有限公司,
上海,上海,上海远旭贸易有限公司,
上海,上海,上海崭新工贸有限公司,
上海,上海,上海崭新工贸有限公司,
上海,上海,上海中油农工商石油销售有限公司,
上海,上海,上海中油农工商石油销售有限公司,
上海,上海,石家庄农城科技有限公司,
上海,上海,苏州市德广商贸有限公司,
上海,上海,泰兴市诚至商贸有限公司,
上海,上海,特渠销售部（停单）,
上海,上海,天宁区红梅小丫奶制品配送中心,
上海,上海,团购客户,
上海,上海,无锡泰莎贝尔食品有限公司,
上海,上海,武汉天力齐商贸有限公司,
上海,上海,扬州润鑫商贸有限公司,
上海,上海,宜兴艺朵食品商行,
上海,上海,义乌市晨立食品有限公司,
上海,上海,余姚市华钧食品有限公司,
上海,上海,在途商贸（北京）有限公司,
上海,上海,浙江高速商贸经营管理有限公司,
上海,上海,郑州市路网贸易有限公司,
四川,成都,阿坝州众合商贸有限公司,
四川,成都,成都丙辰源商贸有限公司,
四川,成都,成都成双百汇商贸有限公司,
四川,成都,成都福业康商贸有限公司,
四川,成都,成都光明乳业有限公司,
四川,成都,成都国豫瀚商贸有限公司,
四川,成都,成都浩之阳商贸有限公司,
四川,成都,成都惠家商贸有限责任公司,
四川,成都,成都凯瑞德商贸有限公司,
四川,成都,成都利民药业连锁有限公司,
四川,成都,成都诺水商贸有限公司,
四川,成都,成都强峰乐商贸有限责任公司,
四川,成都,成都市骏可商贸有限公司,
四川,成都,成都市龙建吉商贸有限公司,
四川,成都,成都市鑫剑商贸有限公司,
四川,成都,成都新豪宇商贸有限责任公司,
四川,成都,成都怡鑫供应链管理有限公司,
四川,成都,成都益鑫食品有限公司,
四川,成都,成华区通盛食品经营部,
四川,成都,崇州市崇阳鑫和副食经营部,
四川,成都,都江堰市食泉十美食品店,
四川,成都,都江堰市耀川商贸有限责任公司,
四川,成都,简阳市元羚水产养殖专业合作社,
四川,成都,金牛区易多多食品经营部,
四川,成都,金堂三阳桂湖摩尔商贸有限责任公司,
四川,成都,九寨沟县宜惠副食配送中心,
四川,成都,龙泉驿区大面街道益欣食品经营部,
四川,成都,彭州市博瑞商贸部,
四川,成都,郫县极林副食店,
四川,成都,青白江润桃乳品经营部,
四川,成都,邛崃市红运来商贸有限责任公司,
四川,成都,邛崃市临邛樊杰副食店,
四川,成都,邛崃市文君街道办亿家食品经营部,
四川,成都,邛崃市文君街道隆飞便民超市,
四川,成都,上海春牧乳品有限公司,
四川,成都,双流区佳鑫粮油经营部,
四川,成都,双流县金阳副食店,
四川,成都,四川德惠商业股份有限公司,
四川,成都,四川省兴农惠信息科技有限公司,
四川,成都,四川省智杰商贸有限公司,
四川,成都,四川有福到商贸有限公司,
四川,成都,温江颌作食品批发部,
四川,成都,武汉光明乳业销售有限公司西南分公司,
四川,成都,武侯区合兴食品经营部,
四川,成都,武侯区科辉食品经营部,
四川,成都,新津五津生利副食店,
四川,达州,达县宏泰商贸经营部,
四川,达州,达州市瑞天商贸有限公司,
四川,达州,大竹县宏腾商贸经营部,
四川,达州,大竹县宏兴商贸经营部,
四川,达州,开江县吉盛副食商行,
四川,达州,马尔康济鸿批发部,
四川,达州,平昌县张勇副食经营部,
四川,达州,四川省红盘凯歌超市连锁有限公司,
四川,达州,万源市秦川副食商行,
四川,达州,万源市远航商行,
四川,达州,汶川绵？洪发批发部,
四川,达州,宣汉县惠民宣超市,
四川,达州,宣汉县瑞鑫副食商行,
四川,德阳,德阳市茂华商贸有限公司,
四川,德阳,德阳图腾商贸有限公司,
四川,德阳,广汉市聚星商贸有限公司,
四川,德阳,罗江县代小军食品经营部,
四川,德阳,绵竹市富新镇荣华副食批发中心,
四川,德阳,什邡市方亭郑超食品经营部,
四川,德阳,中江县南华镇领航商贸部,
四川,广元,巴中市华韵商贸有限公司,
四川,广元,巴中市奶之家商贸有限公司,
四川,广元,苍溪县鼎盛烟酒门市部,
四川,广元,苍溪县罗福酒业经营部,
四川,广元,广元经济技术开发区浩捷食品经营部,
四川,广元,广元市怡飞供应链管理有限公司,
四川,广元,郭琼英,
四川,广元,剑阁县辉煌酒类经营部,
四川,广元,剑阁县张飞牛肉店,
四川,广元,南江县成华超市荣华便民店,
四川,广元,青川县孔溪乡俊锋奶制品批发部,
四川,广元,旺苍县聚友商贸有限公司,
四川,广元,小金县保富副食店,
四川,乐山,峨边宏祥商贸,
四川,乐山,峨眉山市海川副食经营部,
四川,乐山,峨眉山市滋养商贸有限公司,
四川,乐山,夹江县华西鲜奶行,
四川,乐山,犍为县源源奶行,
四川,乐山,井研县八达副食经营部,
四川,乐山,乐山贵和商贸有限公司,
四川,乐山,乐山九和商贸有限责任公司,
四川,乐山,乐山市市中区久和酒业经营部,
四川,乐山,四川美家好邻居商贸有限公司,
四川,泸州,赤水市绿叶副食经营部,
四川,泸州,古蔺县二郎镇可可副食店,
四川,泸州,昆明家乐福超市有限公司,
四川,泸州,隆昌弘倍利商贸有限公司,
四川,泸州,隆昌县宏利商贸有限公司,
四川,泸州,隆昌县金鹅镇泓达副食品经营部,
四川,泸州,隆昌县金鹅镇四利副食品经营部,
四川,泸州,隆昌县金鹅镇益生奶酪经营部,
四川,泸州,泸县福集镇兴源酒行,
四川,泸州,泸县福集镇杨氏副食店,
四川,泸州,泸县玄滩镇兴源批发配送中心,
四川,泸州,泸州市龙马潭区玖玖食品批发部,
四川,泸州,泸州市铮铮商贸有限公司,
四川,泸州,泸州万运商贸有限公司,
四川,泸州,叙永县俊宁副食配送中心,
四川,眉山,洪雅县大桥百货文具经营部,
四川,眉山,康定民族贸易有限责任公司,
四川,眉山,眉山市聚业众汇商贸有限公司,
四川,眉山,彭山区江源奶行,
四川,眉山,青神县展辉奶行,
四川,眉山,仁寿万家商贸有限公司,
四川,绵阳,安县秀水镇天福超市,
四川,绵阳,陈艳副食经营部,
四川,绵阳,江油市同垒金贸易有限公司,
四川,绵阳,绵阳市涪城区华虹食品经营部,
四川,绵阳,绵阳市涪城区盛世金源食品经营部,
四川,绵阳,绵阳市泓澄商贸有限公司,
四川,绵阳,绵阳市经开区慧昕妍食品经营部,
四川,绵阳,三台县潼川镇冯氏百货店,
四川,绵阳,三台县潼川镇久真商行,
四川,绵阳,四川绵江永恒商贸有限公司,
四川,绵阳,四川省绵阳市华蜀物资有限公司,
四川,绵阳,盐亭县杰峰商贸有限公司,
四川,绵阳,盐亭县云溪镇金圣副食批发部,
四川,绵阳,梓潼县万顺隆食品超市,
四川,南充,阆中市罗华副食经营部,
四川,南充,阆中市生源商贸有限公司,
四川,南充,南部县家友商贸有限公司,
四川,南充,南充市顺庆区恒茂商贸经营部,
四川,南充,南充市顺庆区佳和购物超市,
四川,南充,蓬安县小平水酒副食经营部,
四川,南充,水富天天健康奶行,
四川,南充,松发商贸服务部,
四川,南充,西充县博盛食品经营部,
四川,南充,仪陇县新政镇益和商贸副食经营部,
四川,南充,营山县培先副食店,
四川,南充,营山县旺旺副食店,
四川,攀枝花,德昌天天奶超,
四川,攀枝花,会东县丁氏商行,
四川,攀枝花,会理县宏？商行,
四川,攀枝花,雷波县爱家购物中心,
四川,攀枝花,凉山州宏远食品有限公司,
四川,攀枝花,冕宁县康华商贸有限公司,
四川,攀枝花,冕宁县万家乐商贸有限公司,
四川,攀枝花,摩师饮料配送部,
四川,攀枝花,西昌市宏远食品经营部,
四川,攀枝花,盐源县三牧乳业店,
四川,遂宁,安居区艾宇副食,
四川,遂宁,大英县蓬莱镇伶俐副食店,
四川,遂宁,大英县蓬莱镇徐艳副食店,
四川,遂宁,广安市广安区袁洪副食经营部,
四川,遂宁,华蓥市双河得益双诚百货批发部,
四川,遂宁,华蓥市天天平安商贸有限公司,
四川,遂宁,蓬溪县赤城镇华恩商贸店,
四川,遂宁,射洪县洪城鑫佳商贸有限责任公司,
四川,遂宁,射洪县新佳副食经营部,
四川,遂宁,射洪县新康日化经营部,
四川,遂宁,四川省乡悠里商贸有限公司,
四川,遂宁,遂宁市宁宇商贸有限公司,
四川,雅安,道孚县十字路口批发,
四川,雅安,康定市国平商行,
四川,雅安,石棉县鑫磊商贸部,
四川,雅安,天全县正大商行,
四川,雅安,雅安瑞通商贸有限责任公司,
四川,雅安,雅安市名山区梁庆副食店,
四川,雅安,荥经县业飞商贸有限公司,
四川,宜宾,珙县大众食品配送部,
四川,宜宾,江安县诚信副食经营部,
四川,宜宾,四川食度商贸有限公司,
四川,宜宾,兴文县古宋环东酒业有限责任公司,
四川,宜宾,宜宾市真诚供应链管理有限公司,
四川,宜宾,宜宾怡康商贸有限公司,
四川,宜宾,长宁县新飞副食经营部,
四川,资阳,安岳县关地沟奶牛场,
四川,资阳,安岳县恒旺副食店,
四川,资阳,安岳县长河源镇玲美副食店,
四川,资阳,简阳市乐旺商贸有限公司,
四川,资阳,简阳市石桥聚鑫食品经营部,
四川,资阳,乐至县熙盛商贸有限公司,
四川,资阳,四川京川汇金商贸有限公司,
四川,资阳,资阳市凯兴商贸有限公司,
四川,资阳,资中县芝林商贸有限公司,
四川,自贡,大安区新峰食品经营部,
四川,自贡,富顺县腾悦商贸有限公司,
四川,自贡,内江经济技术开发区苏瑞商行,
四川,自贡,荣县心露食品批发部,
四川,自贡,荣县旭阳镇兄弟红副食经营部,
四川,自贡,威远县蔡秀芳副食店,
四川,自贡,自贡市日月食品饮料有限公司,
四川,自贡,自流井区吉利食品经营部,
天津,天津,北京光明健康乳业销售有限公司天津第一分公司,
天津,天津,承德市海天商贸有限公司,
天津,天津,承德县秋悦食品批发超市,
天津,天津,承德越然商贸有限公司,
天津,天津,广州宝洁有限公司,
天津,天津,平泉县站前商贸有限责任公司,
天津,天津,天津宝利通商贸有限公司,
天津,天津,天津光明梦得乳品有限公司,
天津,天津,天津和亨润商贸有限公司,
天津,天津,天津久隆？商贸有限公司,
天津,天津,天津茂杰商贸有限公司,
天津,天津,天津帕尔玛商贸有限公司,
天津,天津,天津赛特兴隆商贸有限公司,
天津,天津,天津市宝坻区王文昌副食店,
天津,天津,天津市宝坻区子逸百货商店,
天津,天津,天津市滨海新区汉沽宇康食品经营部,
天津,天津,天津市风帆工贸有限公司,
天津,天津,天津市蓟县日旺来副食商店,
天津,天津,天津市嘉诚恒信商贸有限公司,
天津,天津,天津市锦聚成商贸股份有限公司,
天津,天津,天津市利源德商贸有限公司,
天津,天津,天津市利源德盛商贸有限公司,
天津,天津,天津市每日鲜物流配送有限公司,
天津,天津,天津市文腾顺佳商贸有限公司,
天津,天津,天津市缘顺源商贸有限公司,
天津,天津,天津泰丰惠达商贸有限公司,
天津,天津,天津天泽百华商贸有限公司,
天津,天津,天津万事达商贸有限公司,
天津,天津,天津乡竹圣商贸有限公司,
天津,天津,围场满族蒙古族自治县宽广超市有限公司(停单),
西藏,拉萨,康利冰淇淋店,
西藏,拉萨,拉萨圣吉雪乳业有限公司,
新疆,克拉玛依,克拉玛依悦福轩商贸有限公司,
新疆,乌鲁木齐,阿勒泰市北屯金恒源批发商行,
新疆,乌鲁木齐,巴州金？荣商贸有限责任公司,
新疆,乌鲁木齐,乌鲁木齐市日旺玻晶有限公司,
新疆,乌鲁木齐,新疆新石化工产品销售有限公司,
新疆,伊犁,奎屯恒立鑫商贸有限公司,
云南,昆明,锦江麦德龙现购自运有限公司昆明北辰商场,
云南,昆明,昆明骄得商贸有限公司,
云南,昆明,昆明亮宝商贸有限公司,
云南,昆明,丽江市古城区腾宇商贸有限公司,
云南,昆明,陆良县中枢镇雪兰牛奶店,
云南,昆明,普洱市思茅区中健商贸有限公司,
云南,昆明,瑞丽市信友百货经营部,
云南,昆明,云南蒙兴商贸有限公司,
云南,昆明,云南齐创商贸有限公司,
云南,昆明,镇雄县黄佑平副食批发,
浙江,杭州,淳安千岛湖绿康奶制品销售有限公司,
浙江,杭州,淳安县千岛湖镇九九酒业商行,
浙江,杭州,达能食品贸易（中国）有限公司,
浙江,杭州,杭州诚佳食品有限公司,
浙江,杭州,杭州光明乳业销售有限公司,
浙江,杭州,杭州慧琪食品有限公司,
浙江,杭州,杭州江南食品市场陈凤琴食品商行,
浙江,杭州,杭州尽力医药有限公司,
浙江,杭州,杭州经济技术开发区周新付冷饮经营部,
浙江,杭州,杭州境宽贸易有限公司,
浙江,杭州,杭州峻高贸易有限公司,
浙江,杭州,杭州乐口商贸有限公司,
浙江,杭州,杭州市西湖区梓贤贸易商行,
浙江,杭州,杭州首趣食品有限公司,
浙江,杭州,杭州顺春贸易有限公司,
浙江,杭州,杭州天牛贸易有限公司,
浙江,杭州,杭州维力佳食品有限公司,
浙江,杭州,杭州余杭区至城食品商行,
浙江,杭州,杭州至诚保健食品有限公司,
浙江,杭州,建德市梅城镇柒加叁便利店,
浙江,杭州,建德市新安江街道双翼副食品经营部,
浙江,杭州,建德市洋溪街道铨益副食品经营部,
浙江,杭州,临安李强贸易有限公司,
浙江,杭州,临安市文兰副食品经营部,
浙江,杭州,临安兴垒副食品商行,
浙江,杭州,上海德大实业有限公司杭州分公司,
浙江,杭州,上海光明随心订电子商务有限公司杭州分公司,
浙江,杭州,上海康美医药咨询有限公司杭州分公司,
浙江,杭州,浙江省土副保健品有限公司,
浙江,杭州,浙江托雷多进出口有限公司,
浙江,湖州,安吉递铺佳琪食品经营部,
浙江,湖州,安吉递铺永金食品经营部,
浙江,湖州,安吉金良乳品有限公司,
浙江,湖州,安吉县迈盛乳品有限责任公司,
浙江,湖州,德清武康爱购副食商行,
浙江,湖州,德清武康优购副食商行,
浙江,湖州,德清县优品食品有限公司,
浙江,湖州,杭州光明乳业销售有限公司湖州分公司,
浙江,湖州,湖州方圆食品贸易有限公司,
浙江,湖州,湖州金鼎食品有限公司,
浙江,湖州,湖州璞源乳品有限公司,
浙江,湖州,上海光明随心订电子商务有限公司嘉兴分公司,
浙江,湖州,长兴光明食品商行,
浙江,湖州,长兴圆通食品有限责任公司,
浙江,湖州,长兴雉城味可知副食便利店,
浙江,嘉兴,海宁市硖石依辰副食品商店,
浙江,嘉兴,海宁市翔隆贸易有限公司,
浙江,嘉兴,海盐县武原街道汇兴食品店,
浙江,嘉兴,杭州光明乳业销售有限公司嘉兴分公司,
浙江,嘉兴,嘉善和诚商贸有限公司,
浙江,嘉兴,嘉善惠尔鲜副食品店,
浙江,嘉兴,嘉善瑞源副食品商行,
浙江,嘉兴,嘉兴市可一商贸有限公司,
浙江,嘉兴,嘉兴市南湖区城东良品酒业商行,
浙江,嘉兴,嘉兴香侬食品有限公司,
浙江,嘉兴,平湖市当湖街道杰盛酒业商行,
浙江,嘉兴,平湖市当湖街道金腾建美食品商行（停单）,
浙江,嘉兴,平湖市民业贸易有限公司,
浙江,嘉兴,上海光明随心订电子商务有限公司嘉兴分公司,
浙江,嘉兴,桐乡市弘光乳品销售有限公司,
浙江,嘉兴,桐乡市梧桐扬光副食品经营部,
浙江,嘉兴,浙江九州通供应链管理有限公司,
浙江,金华,东阳市城东丽珍食品商行,
浙江,金华,东阳市城东永正副食商行,
浙江,金华,东阳市单哥食品经营部,
浙江,金华,杭州光明乳业销售有限公司金华分公司,
浙江,金华,金华市海华乳业有限公司,
浙江,金华,金华市婺城区叶根勇副食商行,
浙江,金华,金华市应氏食品商贸有限公司,
浙江,金华,兰溪市皓轩副食品商店,
浙江,金华,兰溪市小荣副食品商店,
浙江,金华,兰溪市优莫商贸有限公司,
浙江,金华,六安市好又多超市百花山加盟店,
浙江,金华,浦江县浦阳街道亲亲商行,
浙江,金华,浦江县天旺贸易有限公司,
浙江,金华,上海光明随心订电子商务有限公司金华分公司,
浙江,金华,义乌市爱易商贸有限公司,
浙江,金华,义乌市回眸食品商行,
浙江,金华,义乌市梅溪食品店,
浙江,金华,义乌市趣人食品店,
浙江,金华,义乌市阳军酒业有限公司,
浙江,金华,义乌市尊恩食品店,
浙江,金华,永康市阿广副食批发部,
浙江,金华,永康市广达食品商贸有限公司,
浙江,金华,永康市石岩商贸有限公司,
浙江,金华,永康市西城美多味多超市,
浙江,丽水,个人客户王莹金,
浙江,丽水,缙云县昌裕酒业五云经营部,
浙江,丽水,缙云县昌裕酒业有限公司,
浙江,丽水,缙云县五云镇美丹副食店,
浙江,丽水,景宁景客隆商贸有限公司,
浙江,丽水,丽水市金呈副食品经营部,
浙江,丽水,丽水市莲都区光明之星食品经营部,
浙江,丽水,丽水市莲都区淘鲜果电子商务商行,
浙江,丽水,丽水市文焰食品商行,
浙江,丽水,龙泉市小英食品批发部,
浙江,丽水,青田县一米阳光副食品店（停单）,
浙江,丽水,松阳县振升副食商行,
浙江,丽水,遂昌县北界樟水食品批发部,
浙江,宁波,UHT宁波地区直营客户,
浙江,宁波,慈溪市宏隆贸易有限公司,
浙江,宁波,慈溪市宗汉一方副食品配送服务部,
浙江,宁波,达能食品贸易（中国）有限公司,
浙江,宁波,丹城旺潮副食品店,
浙江,宁波,奉化盛怡乳制品经营部,
浙江,宁波,奉化市欣燃牛奶经营部,
浙江,宁波,广州宝洁有限公司,
浙江,宁波,杭州光明乳业销售有限公司宁波分公司,
浙江,宁波,宁波百家一品电子商务有限公司,
浙江,宁波,宁波博银宇兴贸易有限公司,
浙江,宁波,宁波大库商贸有限公司,
浙江,宁波,宁波汇添食品有限公司,
浙江,宁波,宁波开开便利超市连锁有限公司,
浙江,宁波,宁波市奉化锦屏万灵酒业经营部,
浙江,宁波,宁波市路林市场李子园牛奶经营部,
浙江,宁波,宁波象山直营客户,
浙江,宁波,宁波星丰园贸易有限公司,
浙江,宁波,宁波艺涵贸易有限公司,
浙江,宁波,宁波正升行贸易有限公司,
浙江,宁波,宁海恒立商贸有限公司,
浙江,宁波,宁海县慧顺食品经营部,
浙江,宁波,宁海翼飞食品经营部,
浙江,宁波,上海光明随心订电子商务有限公司宁波分公司,
浙江,宁波,象山丹东光之明食品经营部,
浙江,宁波,象山启洪副食品批发部,
浙江,宁波,象山彦宇商贸有限公司,
浙江,宁波,余姚市百源食品经营部,
浙江,宁波,余姚市红和食品经营部,
浙江,宁波,余姚市华源食品有限公司,
浙江,宁波,余姚市泗兴食品经营部,
浙江,宁波,浙江九州通供应链管理有限公司宁波分公司,
浙江,衢州,常山县方正百货批发部,
浙江,衢州,常山县华君食品经营部,
浙江,衢州,常山县敏君食品经营部,
浙江,衢州,常山县蒲塘商贸有限公司,
浙江,衢州,常山县帅华商贸有限公司,
浙江,衢州,江山市乐乐超市商店,
浙江,衢州,开化县江楠食品商行,
浙江,衢州,开化县莺语食品商行,
浙江,衢州,龙游伟诚食品经营部,
浙江,衢州,衢州健昌食品有限公司,
浙江,衢州,衢州市安昊贸易有限公司,
浙江,衢州,衢州市徽航商贸有限公司,
浙江,衢州,衢州市衢江区静欢日用品商行,
浙江,衢州,衢州市衢江区秀明商贸有限公司,
浙江,衢州,衢州市衢江区易安日用品商行,
浙江,衢州,衢州市衢江区泽启商贸有限公司,
浙江,衢州,衢州市衢江区珍明食品商行,
浙江,衢州,浙江驰骋商贸有限公司,
浙江,衢州,浙江驰骋物流有限公司,
浙江,绍兴,上海峰香贸易有限公司,
浙江,绍兴,绍兴柯桥供销淘实惠商贸有限公司,
浙江,绍兴,绍兴市上虞区荣发贸易有限公司,
浙江,绍兴,绍兴远一食品有限公司,
浙江,绍兴,嵊州市畅品食品经营部,
浙江,绍兴,团购客户,
浙江,绍兴,新昌县能盛商贸有限公司,
浙江,绍兴,浙江诸暨一百商贸有限公司,
浙江,绍兴,诸暨市畅优副食品有限公司,
浙江,台州,临海市恒涛贸易有限公司,
浙江,台州,临海市领辉贸易有限公司,
浙江,台州,临海市善君副食品商行,
浙江,台州,临海市亿丰食品贸易有限公司,
浙江,台州,三门县常青超市,
浙江,台州,上海光明随心订电子商务有限公司宁波分公司,
浙江,台州,台州经济开发区晓骏副食品商行,
浙江,台州,台州市鸿良食品有限公司,
浙江,台州,台州市椒江康美食品经营部,
浙江,台州,台州市康健食品有限公司,
浙江,台州,台州市路桥康旺酒业商行,
浙江,台州,台州市路桥区思辰副食品商行,
浙江,台州,台州双俊食品有限公司,
浙江,台州,天台鼎升食品商行,
浙江,台州,天台县鑫隆副食批发部,
浙江,台州,耀达集团有限公司,
浙江,温州,苍南县国源副食品店,
浙江,温州,苍南县灵溪镇林连局副食品商行,
浙江,温州,乐清市东大食品贸易有限公司,
浙江,温州,乐清市守谊副食品商行,
浙江,温州,乐清市众耀贸易有限公司,
浙江,温州,平阳县山门镇林型浙食品商行,
浙江,温州,平阳县山门镇林型浙食品商行,
浙江,温州,平阳县旺达食品经营部,
浙江,温州,平阳县伊喜食品商行,
浙江,温州,瑞安市宏业副食品经营部,
浙江,温州,泰顺县细画乳制品经营部,
浙江,温州,温州东发商贸有限公司,
浙江,温州,温州瑞云贸易有限公司,
浙江,温州,文成县晓华副食品批发部,
浙江,温州,永嘉县江北南瓯副食品经营部,
浙江,温州,永嘉县岩头镇滕光平副食品经营部,
浙江,舟山,岱山华狮酒业批发有限公司,
浙江,舟山,个人客户郭济瑜,
浙江,舟山,舟山市定海金塘沥港超利保健品商店,
浙江,舟山,舟山市普陀观音堂食品有限公司,
浙江,舟山,舟山市徐福酒业有限公司,
浙江,舟山,舟山舟可易购商业管理有限公司,
重庆,重庆,大足区顺鸿食品经营部,
重庆,重庆,个人客户余中海,
重庆,重庆,合川区瑞丰食品经营部,
重庆,重庆,江北区松全副食经营部,
重庆,重庆,九龙坡区九龙园区百年平利副食销售部,
重庆,重庆,南川区文飞乳制品经营部(停单),
重庆,重庆,綦江区民生酒水配送经营部,
重庆,重庆,綦江区香林食品经营部,
重庆,重庆,荣昌县昌元街道周强酒业,
重庆,重庆,万州区天台路邦友副食店,
重庆,重庆,巫山县国斌副食店,
重庆,重庆,巫溪县金鑫副食经营部,
重庆,重庆,云阳县升隆商贸有限公司,
重庆,重庆,重庆发泽商贸有限公司,
重庆,重庆,重庆骅仁商贸有限公司,
重庆,重庆,重庆兰霆贸易有限公司,
重庆,重庆,重庆启讯商贸有限公司,
重庆,重庆,重庆市航涵商贸有限公司,
重庆,重庆,重庆市脉搏商贸有限公司,
重庆,重庆,重庆市万州区臻？商贸有限公司,
重庆,重庆,重庆市英雄商业股份有限公司,
重庆,重庆,重庆市永川区华锋副食商贸经营部,
重庆,重庆,重庆市张德治商贸有限公司,
重庆,重庆,重庆市卓成商贸有限公司,
重庆,重庆,重庆雨中鑫商贸有限公司,
